ID,duration,wav,wav_format,wav_opts
noise-free-sound-0826_0,11.18175,../data/noise/pointsource_noises/noise-free-sound-0826.wav,wav,
noise-free-sound-0827_1,0.548,../data/noise/pointsource_noises/noise-free-sound-0827.wav,wav,
noise-free-sound-0828_2,60.081625,../data/noise/pointsource_noises/noise-free-sound-0828.wav,wav,
noise-free-sound-0829_3,6.7504375,../data/noise/pointsource_noises/noise-free-sound-0829.wav,wav,
noise-free-sound-0830_4,0.9581875,../data/noise/pointsource_noises/noise-free-sound-0830.wav,wav,
noise-free-sound-0831_5,11.441625,../data/noise/pointsource_noises/noise-free-sound-0831.wav,wav,
noise-free-sound-0832_6,14.9420625,../data/noise/pointsource_noises/noise-free-sound-0832.wav,wav,
noise-free-sound-0833_7,4.97375,../data/noise/pointsource_noises/noise-free-sound-0833.wav,wav,
noise-free-sound-0834_8,17.0666875,../data/noise/pointsource_noises/noise-free-sound-0834.wav,wav,
noise-free-sound-0835_9,5.0515625,../data/noise/pointsource_noises/noise-free-sound-0835.wav,wav,
noise-free-sound-0836_10,64.896,../data/noise/pointsource_noises/noise-free-sound-0836.wav,wav,
noise-free-sound-0837_11,13.6533125,../data/noise/pointsource_noises/noise-free-sound-0837.wav,wav,
noise-free-sound-0838_12,1.0029375,../data/noise/pointsource_noises/noise-free-sound-0838.wav,wav,
noise-free-sound-0839_13,2.1420625,../data/noise/pointsource_noises/noise-free-sound-0839.wav,wav,
noise-free-sound-0840_14,70.191,../data/noise/pointsource_noises/noise-free-sound-0840.wav,wav,
noise-free-sound-0841_15,90.0,../data/noise/pointsource_noises/noise-free-sound-0841.wav,wav,
noise-free-sound-0842_16,300.0,../data/noise/pointsource_noises/noise-free-sound-0842.wav,wav,
noise-free-sound-0000_17,17.65875,../data/noise/pointsource_noises/noise-free-sound-0000.wav,wav,
noise-free-sound-0001_18,40.5365,../data/noise/pointsource_noises/noise-free-sound-0001.wav,wav,
noise-free-sound-0002_19,71.2175,../data/noise/pointsource_noises/noise-free-sound-0002.wav,wav,
noise-free-sound-0003_20,14.2358125,../data/noise/pointsource_noises/noise-free-sound-0003.wav,wav,
noise-free-sound-0004_21,2.9865,../data/noise/pointsource_noises/noise-free-sound-0004.wav,wav,
noise-free-sound-0005_22,21.1853125,../data/noise/pointsource_noises/noise-free-sound-0005.wav,wav,
noise-free-sound-0006_23,7.7701875,../data/noise/pointsource_noises/noise-free-sound-0006.wav,wav,
noise-free-sound-0007_24,16.613875,../data/noise/pointsource_noises/noise-free-sound-0007.wav,wav,
noise-free-sound-0008_25,20.8050625,../data/noise/pointsource_noises/noise-free-sound-0008.wav,wav,
noise-free-sound-0009_26,8.3866875,../data/noise/pointsource_noises/noise-free-sound-0009.wav,wav,
noise-free-sound-0010_27,8.2415625,../data/noise/pointsource_noises/noise-free-sound-0010.wav,wav,
noise-free-sound-0011_28,34.8501875,../data/noise/pointsource_noises/noise-free-sound-0011.wav,wav,
noise-free-sound-0012_29,32.15625,../data/noise/pointsource_noises/noise-free-sound-0012.wav,wav,
noise-free-sound-0013_30,1.5445,../data/noise/pointsource_noises/noise-free-sound-0013.wav,wav,
noise-free-sound-0014_31,3.4159375,../data/noise/pointsource_noises/noise-free-sound-0014.wav,wav,
noise-free-sound-0016_32,4.0,../data/noise/pointsource_noises/noise-free-sound-0016.wav,wav,
noise-free-sound-0017_33,7.8773125,../data/noise/pointsource_noises/noise-free-sound-0017.wav,wav,
noise-free-sound-0018_34,14.5763125,../data/noise/pointsource_noises/noise-free-sound-0018.wav,wav,
noise-free-sound-0019_35,11.55775,../data/noise/pointsource_noises/noise-free-sound-0019.wav,wav,
noise-free-sound-0020_36,60.18575,../data/noise/pointsource_noises/noise-free-sound-0020.wav,wav,
noise-free-sound-0021_37,18.0453125,../data/noise/pointsource_noises/noise-free-sound-0021.wav,wav,
noise-free-sound-0022_38,24.832,../data/noise/pointsource_noises/noise-free-sound-0022.wav,wav,
noise-free-sound-0023_39,11.24,../data/noise/pointsource_noises/noise-free-sound-0023.wav,wav,
noise-free-sound-0024_40,19.7790625,../data/noise/pointsource_noises/noise-free-sound-0024.wav,wav,
noise-free-sound-0025_41,2.3466875,../data/noise/pointsource_noises/noise-free-sound-0025.wav,wav,
noise-free-sound-0026_42,3.7973125,../data/noise/pointsource_noises/noise-free-sound-0026.wav,wav,
noise-free-sound-0027_43,23.04,../data/noise/pointsource_noises/noise-free-sound-0027.wav,wav,
noise-free-sound-0028_44,19.6179375,../data/noise/pointsource_noises/noise-free-sound-0028.wav,wav,
noise-free-sound-0029_45,8.90775,../data/noise/pointsource_noises/noise-free-sound-0029.wav,wav,
noise-free-sound-0031_46,35.4743125,../data/noise/pointsource_noises/noise-free-sound-0031.wav,wav,
noise-free-sound-0032_47,61.42,../data/noise/pointsource_noises/noise-free-sound-0032.wav,wav,
noise-free-sound-0033_48,5.5263125,../data/noise/pointsource_noises/noise-free-sound-0033.wav,wav,
noise-free-sound-0034_49,20.689,../data/noise/pointsource_noises/noise-free-sound-0034.wav,wav,
noise-free-sound-0035_50,31.9333125,../data/noise/pointsource_noises/noise-free-sound-0035.wav,wav,
noise-free-sound-0036_51,4.57,../data/noise/pointsource_noises/noise-free-sound-0036.wav,wav,
noise-free-sound-0037_52,0.94,../data/noise/pointsource_noises/noise-free-sound-0037.wav,wav,
noise-free-sound-0038_53,0.9133125,../data/noise/pointsource_noises/noise-free-sound-0038.wav,wav,
noise-free-sound-0039_54,3.4466875,../data/noise/pointsource_noises/noise-free-sound-0039.wav,wav,
noise-free-sound-0040_55,16.73,../data/noise/pointsource_noises/noise-free-sound-0040.wav,wav,
noise-free-sound-0041_56,57.782875,../data/noise/pointsource_noises/noise-free-sound-0041.wav,wav,
noise-free-sound-0042_57,319.5559375,../data/noise/pointsource_noises/noise-free-sound-0042.wav,wav,
noise-free-sound-0043_58,1.5325,../data/noise/pointsource_noises/noise-free-sound-0043.wav,wav,
noise-free-sound-0044_59,4.5975625,../data/noise/pointsource_noises/noise-free-sound-0044.wav,wav,
noise-free-sound-0435_60,5.27675,../data/noise/pointsource_noises/noise-free-sound-0435.wav,wav,
noise-free-sound-0450_61,16.1713125,../data/noise/pointsource_noises/noise-free-sound-0450.wav,wav,
noise-free-sound-0465_62,9.007375,../data/noise/pointsource_noises/noise-free-sound-0465.wav,wav,
noise-free-sound-0480_63,35.2898125,../data/noise/pointsource_noises/noise-free-sound-0480.wav,wav,
noise-free-sound-0495_64,18.2066875,../data/noise/pointsource_noises/noise-free-sound-0495.wav,wav,
noise-free-sound-0510_65,19.845125,../data/noise/pointsource_noises/noise-free-sound-0510.wav,wav,
noise-free-sound-0525_66,0.9583125,../data/noise/pointsource_noises/noise-free-sound-0525.wav,wav,
noise-free-sound-0540_67,3.0040625,../data/noise/pointsource_noises/noise-free-sound-0540.wav,wav,
noise-free-sound-0555_68,21.577125,../data/noise/pointsource_noises/noise-free-sound-0555.wav,wav,
noise-free-sound-0570_69,6.373875,../data/noise/pointsource_noises/noise-free-sound-0570.wav,wav,
noise-free-sound-0585_70,0.9288125,../data/noise/pointsource_noises/noise-free-sound-0585.wav,wav,
noise-free-sound-0600_71,45.395,../data/noise/pointsource_noises/noise-free-sound-0600.wav,wav,
noise-free-sound-0615_72,10.082875,../data/noise/pointsource_noises/noise-free-sound-0615.wav,wav,
noise-free-sound-0630_73,3.1085625,../data/noise/pointsource_noises/noise-free-sound-0630.wav,wav,
noise-free-sound-0645_74,1.7240625,../data/noise/pointsource_noises/noise-free-sound-0645.wav,wav,
noise-free-sound-0660_75,41.8373125,../data/noise/pointsource_noises/noise-free-sound-0660.wav,wav,
noise-free-sound-0675_76,8.7690625,../data/noise/pointsource_noises/noise-free-sound-0675.wav,wav,
noise-free-sound-0690_77,5.2053125,../data/noise/pointsource_noises/noise-free-sound-0690.wav,wav,
noise-free-sound-0705_78,11.3306875,../data/noise/pointsource_noises/noise-free-sound-0705.wav,wav,
noise-free-sound-0720_79,10.7363125,../data/noise/pointsource_noises/noise-free-sound-0720.wav,wav,
noise-free-sound-0735_80,21.81225,../data/noise/pointsource_noises/noise-free-sound-0735.wav,wav,
noise-free-sound-0750_81,5.4595625,../data/noise/pointsource_noises/noise-free-sound-0750.wav,wav,
noise-free-sound-0765_82,0.20275,../data/noise/pointsource_noises/noise-free-sound-0765.wav,wav,
noise-free-sound-0780_83,30.2759375,../data/noise/pointsource_noises/noise-free-sound-0780.wav,wav,
noise-free-sound-0795_84,45.814125,../data/noise/pointsource_noises/noise-free-sound-0795.wav,wav,
noise-free-sound-0810_85,4.008375,../data/noise/pointsource_noises/noise-free-sound-0810.wav,wav,
noise-free-sound-0825_86,2.6735625,../data/noise/pointsource_noises/noise-free-sound-0825.wav,wav,
noise-free-sound-0046_87,4.62075,../data/noise/pointsource_noises/noise-free-sound-0046.wav,wav,
noise-free-sound-0047_88,5.2966875,../data/noise/pointsource_noises/noise-free-sound-0047.wav,wav,
noise-free-sound-0048_89,494.6599375,../data/noise/pointsource_noises/noise-free-sound-0048.wav,wav,
noise-free-sound-0049_90,3.4666875,../data/noise/pointsource_noises/noise-free-sound-0049.wav,wav,
noise-free-sound-0050_91,4.133125,../data/noise/pointsource_noises/noise-free-sound-0050.wav,wav,
noise-free-sound-0051_92,6.52,../data/noise/pointsource_noises/noise-free-sound-0051.wav,wav,
noise-free-sound-0052_93,5.6641875,../data/noise/pointsource_noises/noise-free-sound-0052.wav,wav,
noise-free-sound-0053_94,5.2719375,../data/noise/pointsource_noises/noise-free-sound-0053.wav,wav,
noise-free-sound-0054_95,10.053375,../data/noise/pointsource_noises/noise-free-sound-0054.wav,wav,
noise-free-sound-0055_96,40.09775,../data/noise/pointsource_noises/noise-free-sound-0055.wav,wav,
noise-free-sound-0056_97,9.74275,../data/noise/pointsource_noises/noise-free-sound-0056.wav,wav,
noise-free-sound-0057_98,8.1304375,../data/noise/pointsource_noises/noise-free-sound-0057.wav,wav,
noise-free-sound-0058_99,2.0,../data/noise/pointsource_noises/noise-free-sound-0058.wav,wav,
noise-free-sound-0059_100,30.4428125,../data/noise/pointsource_noises/noise-free-sound-0059.wav,wav,
noise-free-sound-0061_101,11.0498125,../data/noise/pointsource_noises/noise-free-sound-0061.wav,wav,
noise-free-sound-0062_102,6.0666875,../data/noise/pointsource_noises/noise-free-sound-0062.wav,wav,
noise-free-sound-0063_103,6.2666875,../data/noise/pointsource_noises/noise-free-sound-0063.wav,wav,
noise-free-sound-0064_104,100.1333125,../data/noise/pointsource_noises/noise-free-sound-0064.wav,wav,
noise-free-sound-0065_105,6.9753125,../data/noise/pointsource_noises/noise-free-sound-0065.wav,wav,
noise-free-sound-0066_106,60.9436875,../data/noise/pointsource_noises/noise-free-sound-0066.wav,wav,
noise-free-sound-0067_107,39.889,../data/noise/pointsource_noises/noise-free-sound-0067.wav,wav,
noise-free-sound-0068_108,20.075,../data/noise/pointsource_noises/noise-free-sound-0068.wav,wav,
noise-free-sound-0069_109,2.5714375,../data/noise/pointsource_noises/noise-free-sound-0069.wav,wav,
noise-free-sound-0070_110,17.98025,../data/noise/pointsource_noises/noise-free-sound-0070.wav,wav,
noise-free-sound-0071_111,9.3919375,../data/noise/pointsource_noises/noise-free-sound-0071.wav,wav,
noise-free-sound-0072_112,26.6225625,../data/noise/pointsource_noises/noise-free-sound-0072.wav,wav,
noise-free-sound-0073_113,124.5685625,../data/noise/pointsource_noises/noise-free-sound-0073.wav,wav,
noise-free-sound-0074_114,17.24,../data/noise/pointsource_noises/noise-free-sound-0074.wav,wav,
noise-free-sound-0076_115,80.0,../data/noise/pointsource_noises/noise-free-sound-0076.wav,wav,
noise-free-sound-0077_116,11.7233125,../data/noise/pointsource_noises/noise-free-sound-0077.wav,wav,
noise-free-sound-0078_117,10.370625,../data/noise/pointsource_noises/noise-free-sound-0078.wav,wav,
noise-free-sound-0079_118,6.0005625,../data/noise/pointsource_noises/noise-free-sound-0079.wav,wav,
noise-free-sound-0080_119,30.374625,../data/noise/pointsource_noises/noise-free-sound-0080.wav,wav,
noise-free-sound-0081_120,21.5824375,../data/noise/pointsource_noises/noise-free-sound-0081.wav,wav,
noise-free-sound-0082_121,20.20375,../data/noise/pointsource_noises/noise-free-sound-0082.wav,wav,
noise-free-sound-0083_122,0.59125,../data/noise/pointsource_noises/noise-free-sound-0083.wav,wav,
noise-free-sound-0084_123,19.4194375,../data/noise/pointsource_noises/noise-free-sound-0084.wav,wav,
noise-free-sound-0085_124,4.671375,../data/noise/pointsource_noises/noise-free-sound-0085.wav,wav,
noise-free-sound-0086_125,51.685,../data/noise/pointsource_noises/noise-free-sound-0086.wav,wav,
noise-free-sound-0087_126,2.8,../data/noise/pointsource_noises/noise-free-sound-0087.wav,wav,
noise-free-sound-0088_127,44.8666875,../data/noise/pointsource_noises/noise-free-sound-0088.wav,wav,
noise-free-sound-0089_128,13.871,../data/noise/pointsource_noises/noise-free-sound-0089.wav,wav,
noise-free-sound-0091_129,5.062125,../data/noise/pointsource_noises/noise-free-sound-0091.wav,wav,
noise-free-sound-0092_130,15.079625,../data/noise/pointsource_noises/noise-free-sound-0092.wav,wav,
noise-free-sound-0093_131,5.317375,../data/noise/pointsource_noises/noise-free-sound-0093.wav,wav,
noise-free-sound-0094_132,5.5898125,../data/noise/pointsource_noises/noise-free-sound-0094.wav,wav,
noise-free-sound-0095_133,4.068375,../data/noise/pointsource_noises/noise-free-sound-0095.wav,wav,
noise-free-sound-0096_134,7.7841875,../data/noise/pointsource_noises/noise-free-sound-0096.wav,wav,
noise-free-sound-0097_135,2.7369375,../data/noise/pointsource_noises/noise-free-sound-0097.wav,wav,
noise-free-sound-0098_136,2.766,../data/noise/pointsource_noises/noise-free-sound-0098.wav,wav,
noise-free-sound-0099_137,7.4946875,../data/noise/pointsource_noises/noise-free-sound-0099.wav,wav,
noise-free-sound-0100_138,7.323125,../data/noise/pointsource_noises/noise-free-sound-0100.wav,wav,
noise-free-sound-0101_139,112.90125,../data/noise/pointsource_noises/noise-free-sound-0101.wav,wav,
noise-free-sound-0102_140,143.62125,../data/noise/pointsource_noises/noise-free-sound-0102.wav,wav,
noise-free-sound-0103_141,5.2381875,../data/noise/pointsource_noises/noise-free-sound-0103.wav,wav,
noise-free-sound-0104_142,15.888,../data/noise/pointsource_noises/noise-free-sound-0104.wav,wav,
noise-free-sound-0106_143,153.952,../data/noise/pointsource_noises/noise-free-sound-0106.wav,wav,
noise-free-sound-0107_144,11.766,../data/noise/pointsource_noises/noise-free-sound-0107.wav,wav,
noise-free-sound-0108_145,19.3963125,../data/noise/pointsource_noises/noise-free-sound-0108.wav,wav,
noise-free-sound-0109_146,37.101875,../data/noise/pointsource_noises/noise-free-sound-0109.wav,wav,
noise-free-sound-0110_147,40.8931875,../data/noise/pointsource_noises/noise-free-sound-0110.wav,wav,
noise-free-sound-0111_148,16.4451875,../data/noise/pointsource_noises/noise-free-sound-0111.wav,wav,
noise-free-sound-0112_149,1.0144375,../data/noise/pointsource_noises/noise-free-sound-0112.wav,wav,
noise-free-sound-0113_150,5.8461875,../data/noise/pointsource_noises/noise-free-sound-0113.wav,wav,
noise-free-sound-0114_151,99.9298125,../data/noise/pointsource_noises/noise-free-sound-0114.wav,wav,
noise-free-sound-0115_152,2.577125,../data/noise/pointsource_noises/noise-free-sound-0115.wav,wav,
noise-free-sound-0116_153,8.82075,../data/noise/pointsource_noises/noise-free-sound-0116.wav,wav,
noise-free-sound-0117_154,33.6573125,../data/noise/pointsource_noises/noise-free-sound-0117.wav,wav,
noise-free-sound-0118_155,17.41,../data/noise/pointsource_noises/noise-free-sound-0118.wav,wav,
noise-free-sound-0119_156,70.728,../data/noise/pointsource_noises/noise-free-sound-0119.wav,wav,
noise-free-sound-0121_157,44.0,../data/noise/pointsource_noises/noise-free-sound-0121.wav,wav,
noise-free-sound-0122_158,8.0,../data/noise/pointsource_noises/noise-free-sound-0122.wav,wav,
noise-free-sound-0123_159,7.5,../data/noise/pointsource_noises/noise-free-sound-0123.wav,wav,
noise-free-sound-0124_160,5.0,../data/noise/pointsource_noises/noise-free-sound-0124.wav,wav,
noise-free-sound-0125_161,1.125,../data/noise/pointsource_noises/noise-free-sound-0125.wav,wav,
noise-free-sound-0126_162,19.7823125,../data/noise/pointsource_noises/noise-free-sound-0126.wav,wav,
noise-free-sound-0127_163,2.448,../data/noise/pointsource_noises/noise-free-sound-0127.wav,wav,
noise-free-sound-0128_164,4.056,../data/noise/pointsource_noises/noise-free-sound-0128.wav,wav,
noise-free-sound-0129_165,8.2939375,../data/noise/pointsource_noises/noise-free-sound-0129.wav,wav,
noise-free-sound-0130_166,38.8701875,../data/noise/pointsource_noises/noise-free-sound-0130.wav,wav,
noise-free-sound-0131_167,55.597375,../data/noise/pointsource_noises/noise-free-sound-0131.wav,wav,
noise-free-sound-0132_168,0.7158125,../data/noise/pointsource_noises/noise-free-sound-0132.wav,wav,
noise-free-sound-0133_169,0.5209375,../data/noise/pointsource_noises/noise-free-sound-0133.wav,wav,
noise-free-sound-0134_170,2.513375,../data/noise/pointsource_noises/noise-free-sound-0134.wav,wav,
noise-free-sound-0136_171,0.625,../data/noise/pointsource_noises/noise-free-sound-0136.wav,wav,
noise-free-sound-0137_172,113.25,../data/noise/pointsource_noises/noise-free-sound-0137.wav,wav,
noise-free-sound-0138_173,3.25,../data/noise/pointsource_noises/noise-free-sound-0138.wav,wav,
noise-free-sound-0139_174,15.5146875,../data/noise/pointsource_noises/noise-free-sound-0139.wav,wav,
noise-free-sound-0140_175,24.77475,../data/noise/pointsource_noises/noise-free-sound-0140.wav,wav,
noise-free-sound-0141_176,135.0720625,../data/noise/pointsource_noises/noise-free-sound-0141.wav,wav,
noise-free-sound-0142_177,38.99975,../data/noise/pointsource_noises/noise-free-sound-0142.wav,wav,
noise-free-sound-0143_178,13.0430625,../data/noise/pointsource_noises/noise-free-sound-0143.wav,wav,
noise-free-sound-0144_179,25.54775,../data/noise/pointsource_noises/noise-free-sound-0144.wav,wav,
noise-free-sound-0145_180,2.9121875,../data/noise/pointsource_noises/noise-free-sound-0145.wav,wav,
noise-free-sound-0146_181,2.0775,../data/noise/pointsource_noises/noise-free-sound-0146.wav,wav,
noise-free-sound-0147_182,8.6333125,../data/noise/pointsource_noises/noise-free-sound-0147.wav,wav,
noise-free-sound-0148_183,2.214875,../data/noise/pointsource_noises/noise-free-sound-0148.wav,wav,
noise-free-sound-0149_184,1.7618125,../data/noise/pointsource_noises/noise-free-sound-0149.wav,wav,
noise-free-sound-0151_185,53.76,../data/noise/pointsource_noises/noise-free-sound-0151.wav,wav,
noise-free-sound-0152_186,97.156,../data/noise/pointsource_noises/noise-free-sound-0152.wav,wav,
noise-free-sound-0153_187,72.1493125,../data/noise/pointsource_noises/noise-free-sound-0153.wav,wav,
noise-free-sound-0154_188,62.464,../data/noise/pointsource_noises/noise-free-sound-0154.wav,wav,
noise-free-sound-0155_189,72.6613125,../data/noise/pointsource_noises/noise-free-sound-0155.wav,wav,
noise-free-sound-0156_190,90.197375,../data/noise/pointsource_noises/noise-free-sound-0156.wav,wav,
noise-free-sound-0157_191,3.0933125,../data/noise/pointsource_noises/noise-free-sound-0157.wav,wav,
noise-free-sound-0158_192,64.884,../data/noise/pointsource_noises/noise-free-sound-0158.wav,wav,
noise-free-sound-0159_193,5.216,../data/noise/pointsource_noises/noise-free-sound-0159.wav,wav,
noise-free-sound-0160_194,34.325375,../data/noise/pointsource_noises/noise-free-sound-0160.wav,wav,
noise-free-sound-0161_195,76.476,../data/noise/pointsource_noises/noise-free-sound-0161.wav,wav,
noise-free-sound-0162_196,14.9333125,../data/noise/pointsource_noises/noise-free-sound-0162.wav,wav,
noise-free-sound-0163_197,0.3626875,../data/noise/pointsource_noises/noise-free-sound-0163.wav,wav,
noise-free-sound-0164_198,24.96,../data/noise/pointsource_noises/noise-free-sound-0164.wav,wav,
noise-free-sound-0166_199,0.768,../data/noise/pointsource_noises/noise-free-sound-0166.wav,wav,
noise-free-sound-0167_200,2.005375,../data/noise/pointsource_noises/noise-free-sound-0167.wav,wav,
noise-free-sound-0168_201,1.344,../data/noise/pointsource_noises/noise-free-sound-0168.wav,wav,
noise-free-sound-0169_202,2.304,../data/noise/pointsource_noises/noise-free-sound-0169.wav,wav,
noise-free-sound-0170_203,5.2906875,../data/noise/pointsource_noises/noise-free-sound-0170.wav,wav,
noise-free-sound-0171_204,4.6293125,../data/noise/pointsource_noises/noise-free-sound-0171.wav,wav,
noise-free-sound-0172_205,49.5543125,../data/noise/pointsource_noises/noise-free-sound-0172.wav,wav,
noise-free-sound-0173_206,106.802,../data/noise/pointsource_noises/noise-free-sound-0173.wav,wav,
noise-free-sound-0174_207,9.109125,../data/noise/pointsource_noises/noise-free-sound-0174.wav,wav,
noise-free-sound-0175_208,4.7188125,../data/noise/pointsource_noises/noise-free-sound-0175.wav,wav,
noise-free-sound-0176_209,2.9843125,../data/noise/pointsource_noises/noise-free-sound-0176.wav,wav,
noise-free-sound-0177_210,106.737875,../data/noise/pointsource_noises/noise-free-sound-0177.wav,wav,
noise-free-sound-0178_211,4.884625,../data/noise/pointsource_noises/noise-free-sound-0178.wav,wav,
noise-free-sound-0179_212,2.813,../data/noise/pointsource_noises/noise-free-sound-0179.wav,wav,
noise-free-sound-0181_213,4.7964375,../data/noise/pointsource_noises/noise-free-sound-0181.wav,wav,
noise-free-sound-0182_214,2.25225,../data/noise/pointsource_noises/noise-free-sound-0182.wav,wav,
noise-free-sound-0183_215,8.0914375,../data/noise/pointsource_noises/noise-free-sound-0183.wav,wav,
noise-free-sound-0184_216,32.407375,../data/noise/pointsource_noises/noise-free-sound-0184.wav,wav,
noise-free-sound-0185_217,2.6693125,../data/noise/pointsource_noises/noise-free-sound-0185.wav,wav,
noise-free-sound-0186_218,2.8361875,../data/noise/pointsource_noises/noise-free-sound-0186.wav,wav,
noise-free-sound-0187_219,6.4230625,../data/noise/pointsource_noises/noise-free-sound-0187.wav,wav,
noise-free-sound-0188_220,9.5511875,../data/noise/pointsource_noises/noise-free-sound-0188.wav,wav,
noise-free-sound-0189_221,6.8401875,../data/noise/pointsource_noises/noise-free-sound-0189.wav,wav,
noise-free-sound-0190_222,6.131125,../data/noise/pointsource_noises/noise-free-sound-0190.wav,wav,
noise-free-sound-0191_223,3.9623125,../data/noise/pointsource_noises/noise-free-sound-0191.wav,wav,
noise-free-sound-0192_224,6.6733125,../data/noise/pointsource_noises/noise-free-sound-0192.wav,wav,
noise-free-sound-0193_225,4.004,../data/noise/pointsource_noises/noise-free-sound-0193.wav,wav,
noise-free-sound-0194_226,7.882875,../data/noise/pointsource_noises/noise-free-sound-0194.wav,wav,
noise-free-sound-0196_227,3.628625,../data/noise/pointsource_noises/noise-free-sound-0196.wav,wav,
noise-free-sound-0197_228,10.5939375,../data/noise/pointsource_noises/noise-free-sound-0197.wav,wav,
noise-free-sound-0198_229,9.134125,../data/noise/pointsource_noises/noise-free-sound-0198.wav,wav,
noise-free-sound-0199_230,6.25625,../data/noise/pointsource_noises/noise-free-sound-0199.wav,wav,
noise-free-sound-0200_231,8.75875,../data/noise/pointsource_noises/noise-free-sound-0200.wav,wav,
noise-free-sound-0201_232,7.0486875,../data/noise/pointsource_noises/noise-free-sound-0201.wav,wav,
noise-free-sound-0202_233,10.5521875,../data/noise/pointsource_noises/noise-free-sound-0202.wav,wav,
noise-free-sound-0203_234,11.0944375,../data/noise/pointsource_noises/noise-free-sound-0203.wav,wav,
noise-free-sound-0204_235,6.381375,../data/noise/pointsource_noises/noise-free-sound-0204.wav,wav,
noise-free-sound-0205_236,14.389375,../data/noise/pointsource_noises/noise-free-sound-0205.wav,wav,
noise-free-sound-0206_237,2.3356875,../data/noise/pointsource_noises/noise-free-sound-0206.wav,wav,
noise-free-sound-0207_238,7.0904375,../data/noise/pointsource_noises/noise-free-sound-0207.wav,wav,
noise-free-sound-0208_239,6.4648125,../data/noise/pointsource_noises/noise-free-sound-0208.wav,wav,
noise-free-sound-0209_240,9.6763125,../data/noise/pointsource_noises/noise-free-sound-0209.wav,wav,
noise-free-sound-0211_241,6.2145625,../data/noise/pointsource_noises/noise-free-sound-0211.wav,wav,
noise-free-sound-0212_242,9.5511875,../data/noise/pointsource_noises/noise-free-sound-0212.wav,wav,
noise-free-sound-0213_243,5.7140625,../data/noise/pointsource_noises/noise-free-sound-0213.wav,wav,
noise-free-sound-0214_244,8.25825,../data/noise/pointsource_noises/noise-free-sound-0214.wav,wav,
noise-free-sound-0215_245,6.4375,../data/noise/pointsource_noises/noise-free-sound-0215.wav,wav,
noise-free-sound-0216_246,38.4588125,../data/noise/pointsource_noises/noise-free-sound-0216.wav,wav,
noise-free-sound-0217_247,4.8381875,../data/noise/pointsource_noises/noise-free-sound-0217.wav,wav,
noise-free-sound-0218_248,6.131125,../data/noise/pointsource_noises/noise-free-sound-0218.wav,wav,
noise-free-sound-0219_249,6.5899375,../data/noise/pointsource_noises/noise-free-sound-0219.wav,wav,
noise-free-sound-0220_250,8.4668125,../data/noise/pointsource_noises/noise-free-sound-0220.wav,wav,
noise-free-sound-0221_251,10.9275625,../data/noise/pointsource_noises/noise-free-sound-0221.wav,wav,
noise-free-sound-0222_252,1.2095625,../data/noise/pointsource_noises/noise-free-sound-0222.wav,wav,
noise-free-sound-0223_253,3.5869375,../data/noise/pointsource_noises/noise-free-sound-0223.wav,wav,
noise-free-sound-0224_254,12.8044375,../data/noise/pointsource_noises/noise-free-sound-0224.wav,wav,
noise-free-sound-0226_255,26.1973125,../data/noise/pointsource_noises/noise-free-sound-0226.wav,wav,
noise-free-sound-0227_256,31.1654375,../data/noise/pointsource_noises/noise-free-sound-0227.wav,wav,
noise-free-sound-0228_257,16.6486875,../data/noise/pointsource_noises/noise-free-sound-0228.wav,wav,
noise-free-sound-0229_258,5.3339375,../data/noise/pointsource_noises/noise-free-sound-0229.wav,wav,
noise-free-sound-0230_259,41.592,../data/noise/pointsource_noises/noise-free-sound-0230.wav,wav,
noise-free-sound-0231_260,22.33075,../data/noise/pointsource_noises/noise-free-sound-0231.wav,wav,
noise-free-sound-0232_261,44.2890625,../data/noise/pointsource_noises/noise-free-sound-0232.wav,wav,
noise-free-sound-0233_262,44.3495,../data/noise/pointsource_noises/noise-free-sound-0233.wav,wav,
noise-free-sound-0234_263,75.0171875,../data/noise/pointsource_noises/noise-free-sound-0234.wav,wav,
noise-free-sound-0235_264,200.7829375,../data/noise/pointsource_noises/noise-free-sound-0235.wav,wav,
noise-free-sound-0236_265,5.5640625,../data/noise/pointsource_noises/noise-free-sound-0236.wav,wav,
noise-free-sound-0237_266,5.302875,../data/noise/pointsource_noises/noise-free-sound-0237.wav,wav,
noise-free-sound-0238_267,13.944,../data/noise/pointsource_noises/noise-free-sound-0238.wav,wav,
noise-free-sound-0239_268,37.50525,../data/noise/pointsource_noises/noise-free-sound-0239.wav,wav,
noise-free-sound-0241_269,52.6185,../data/noise/pointsource_noises/noise-free-sound-0241.wav,wav,
noise-free-sound-0242_270,23.0038125,../data/noise/pointsource_noises/noise-free-sound-0242.wav,wav,
noise-free-sound-0243_271,90.0005625,../data/noise/pointsource_noises/noise-free-sound-0243.wav,wav,
noise-free-sound-0244_272,118.8401875,../data/noise/pointsource_noises/noise-free-sound-0244.wav,wav,
noise-free-sound-0245_273,29.562875,../data/noise/pointsource_noises/noise-free-sound-0245.wav,wav,
noise-free-sound-0246_274,24.7246875,../data/noise/pointsource_noises/noise-free-sound-0246.wav,wav,
noise-free-sound-0247_275,77.7345625,../data/noise/pointsource_noises/noise-free-sound-0247.wav,wav,
noise-free-sound-0248_276,60.30275,../data/noise/pointsource_noises/noise-free-sound-0248.wav,wav,
noise-free-sound-0249_277,40.684625,../data/noise/pointsource_noises/noise-free-sound-0249.wav,wav,
noise-free-sound-0250_278,8.6204375,../data/noise/pointsource_noises/noise-free-sound-0250.wav,wav,
noise-free-sound-0251_279,31.973875,../data/noise/pointsource_noises/noise-free-sound-0251.wav,wav,
noise-free-sound-0252_280,20.9501875,../data/noise/pointsource_noises/noise-free-sound-0252.wav,wav,
noise-free-sound-0253_281,0.9750625,../data/noise/pointsource_noises/noise-free-sound-0253.wav,wav,
noise-free-sound-0254_282,64.142125,../data/noise/pointsource_noises/noise-free-sound-0254.wav,wav,
noise-free-sound-0256_283,37.5069375,../data/noise/pointsource_noises/noise-free-sound-0256.wav,wav,
noise-free-sound-0257_284,5.0,../data/noise/pointsource_noises/noise-free-sound-0257.wav,wav,
noise-free-sound-0258_285,25.7580625,../data/noise/pointsource_noises/noise-free-sound-0258.wav,wav,
noise-free-sound-0259_286,14.7069375,../data/noise/pointsource_noises/noise-free-sound-0259.wav,wav,
noise-free-sound-0260_287,14.4,../data/noise/pointsource_noises/noise-free-sound-0260.wav,wav,
noise-free-sound-0261_288,88.0,../data/noise/pointsource_noises/noise-free-sound-0261.wav,wav,
noise-free-sound-0262_289,35.0301875,../data/noise/pointsource_noises/noise-free-sound-0262.wav,wav,
noise-free-sound-0263_290,0.9043125,../data/noise/pointsource_noises/noise-free-sound-0263.wav,wav,
noise-free-sound-0264_291,29.631375,../data/noise/pointsource_noises/noise-free-sound-0264.wav,wav,
noise-free-sound-0265_292,1.3325625,../data/noise/pointsource_noises/noise-free-sound-0265.wav,wav,
noise-free-sound-0266_293,34.674625,../data/noise/pointsource_noises/noise-free-sound-0266.wav,wav,
noise-free-sound-0267_294,36.1389375,../data/noise/pointsource_noises/noise-free-sound-0267.wav,wav,
noise-free-sound-0268_295,22.710875,../data/noise/pointsource_noises/noise-free-sound-0268.wav,wav,
noise-free-sound-0269_296,49.125125,../data/noise/pointsource_noises/noise-free-sound-0269.wav,wav,
noise-free-sound-0271_297,29.6983125,../data/noise/pointsource_noises/noise-free-sound-0271.wav,wav,
noise-free-sound-0272_298,41.058125,../data/noise/pointsource_noises/noise-free-sound-0272.wav,wav,
noise-free-sound-0273_299,10.6433125,../data/noise/pointsource_noises/noise-free-sound-0273.wav,wav,
noise-free-sound-0274_300,3.96775,../data/noise/pointsource_noises/noise-free-sound-0274.wav,wav,
noise-free-sound-0275_301,12.096,../data/noise/pointsource_noises/noise-free-sound-0275.wav,wav,
noise-free-sound-0276_302,2.8715,../data/noise/pointsource_noises/noise-free-sound-0276.wav,wav,
noise-free-sound-0277_303,5.705125,../data/noise/pointsource_noises/noise-free-sound-0277.wav,wav,
noise-free-sound-0278_304,37.59825,../data/noise/pointsource_noises/noise-free-sound-0278.wav,wav,
noise-free-sound-0279_305,17.3333125,../data/noise/pointsource_noises/noise-free-sound-0279.wav,wav,
noise-free-sound-0280_306,62.10325,../data/noise/pointsource_noises/noise-free-sound-0280.wav,wav,
noise-free-sound-0281_307,0.1,../data/noise/pointsource_noises/noise-free-sound-0281.wav,wav,
noise-free-sound-0282_308,37.72675,../data/noise/pointsource_noises/noise-free-sound-0282.wav,wav,
noise-free-sound-0283_309,22.9636875,../data/noise/pointsource_noises/noise-free-sound-0283.wav,wav,
noise-free-sound-0284_310,2.786,../data/noise/pointsource_noises/noise-free-sound-0284.wav,wav,
noise-free-sound-0286_311,9.5603125,../data/noise/pointsource_noises/noise-free-sound-0286.wav,wav,
noise-free-sound-0287_312,60.6563125,../data/noise/pointsource_noises/noise-free-sound-0287.wav,wav,
noise-free-sound-0288_313,59.688,../data/noise/pointsource_noises/noise-free-sound-0288.wav,wav,
noise-free-sound-0289_314,22.2821875,../data/noise/pointsource_noises/noise-free-sound-0289.wav,wav,
noise-free-sound-0290_315,44.304,../data/noise/pointsource_noises/noise-free-sound-0290.wav,wav,
noise-free-sound-0291_316,9.090625,../data/noise/pointsource_noises/noise-free-sound-0291.wav,wav,
noise-free-sound-0292_317,17.97225,../data/noise/pointsource_noises/noise-free-sound-0292.wav,wav,
noise-free-sound-0293_318,43.0381875,../data/noise/pointsource_noises/noise-free-sound-0293.wav,wav,
noise-free-sound-0294_319,6.5875,../data/noise/pointsource_noises/noise-free-sound-0294.wav,wav,
noise-free-sound-0295_320,6.8963125,../data/noise/pointsource_noises/noise-free-sound-0295.wav,wav,
noise-free-sound-0296_321,1.8616875,../data/noise/pointsource_noises/noise-free-sound-0296.wav,wav,
noise-free-sound-0297_322,1.799,../data/noise/pointsource_noises/noise-free-sound-0297.wav,wav,
noise-free-sound-0298_323,32.0,../data/noise/pointsource_noises/noise-free-sound-0298.wav,wav,
noise-free-sound-0299_324,0.212625,../data/noise/pointsource_noises/noise-free-sound-0299.wav,wav,
noise-free-sound-0301_325,180.9495625,../data/noise/pointsource_noises/noise-free-sound-0301.wav,wav,
noise-free-sound-0302_326,17.914125,../data/noise/pointsource_noises/noise-free-sound-0302.wav,wav,
noise-free-sound-0303_327,8.1955,../data/noise/pointsource_noises/noise-free-sound-0303.wav,wav,
noise-free-sound-0304_328,62.0408125,../data/noise/pointsource_noises/noise-free-sound-0304.wav,wav,
noise-free-sound-0305_329,29.5,../data/noise/pointsource_noises/noise-free-sound-0305.wav,wav,
noise-free-sound-0306_330,24.5,../data/noise/pointsource_noises/noise-free-sound-0306.wav,wav,
noise-free-sound-0307_331,10.704,../data/noise/pointsource_noises/noise-free-sound-0307.wav,wav,
noise-free-sound-0308_332,58.28175,../data/noise/pointsource_noises/noise-free-sound-0308.wav,wav,
noise-free-sound-0309_333,3.3729375,../data/noise/pointsource_noises/noise-free-sound-0309.wav,wav,
noise-free-sound-0310_334,22.03575,../data/noise/pointsource_noises/noise-free-sound-0310.wav,wav,
noise-free-sound-0311_335,13.746375,../data/noise/pointsource_noises/noise-free-sound-0311.wav,wav,
noise-free-sound-0312_336,1.513,../data/noise/pointsource_noises/noise-free-sound-0312.wav,wav,
noise-free-sound-0313_337,2.7875,../data/noise/pointsource_noises/noise-free-sound-0313.wav,wav,
noise-free-sound-0314_338,0.6109375,../data/noise/pointsource_noises/noise-free-sound-0314.wav,wav,
noise-free-sound-0316_339,11.1455625,../data/noise/pointsource_noises/noise-free-sound-0316.wav,wav,
noise-free-sound-0317_340,7.256875,../data/noise/pointsource_noises/noise-free-sound-0317.wav,wav,
noise-free-sound-0318_341,0.40925,../data/noise/pointsource_noises/noise-free-sound-0318.wav,wav,
noise-free-sound-0319_342,1.515125,../data/noise/pointsource_noises/noise-free-sound-0319.wav,wav,
noise-free-sound-0320_343,6.7395625,../data/noise/pointsource_noises/noise-free-sound-0320.wav,wav,
noise-free-sound-0321_344,113.0,../data/noise/pointsource_noises/noise-free-sound-0321.wav,wav,
noise-free-sound-0322_345,31.0335,../data/noise/pointsource_noises/noise-free-sound-0322.wav,wav,
noise-free-sound-0323_346,10.73175,../data/noise/pointsource_noises/noise-free-sound-0323.wav,wav,
noise-free-sound-0324_347,36.2056875,../data/noise/pointsource_noises/noise-free-sound-0324.wav,wav,
noise-free-sound-0325_348,1.6456875,../data/noise/pointsource_noises/noise-free-sound-0325.wav,wav,
noise-free-sound-0326_349,16.0775,../data/noise/pointsource_noises/noise-free-sound-0326.wav,wav,
noise-free-sound-0327_350,5.1596875,../data/noise/pointsource_noises/noise-free-sound-0327.wav,wav,
noise-free-sound-0328_351,0.7181875,../data/noise/pointsource_noises/noise-free-sound-0328.wav,wav,
noise-free-sound-0329_352,9.69225,../data/noise/pointsource_noises/noise-free-sound-0329.wav,wav,
noise-free-sound-0331_353,6.375,../data/noise/pointsource_noises/noise-free-sound-0331.wav,wav,
noise-free-sound-0332_354,3.625,../data/noise/pointsource_noises/noise-free-sound-0332.wav,wav,
noise-free-sound-0333_355,15.6735,../data/noise/pointsource_noises/noise-free-sound-0333.wav,wav,
noise-free-sound-0334_356,178.1493125,../data/noise/pointsource_noises/noise-free-sound-0334.wav,wav,
noise-free-sound-0335_357,34.0375625,../data/noise/pointsource_noises/noise-free-sound-0335.wav,wav,
noise-free-sound-0336_358,48.08275,../data/noise/pointsource_noises/noise-free-sound-0336.wav,wav,
noise-free-sound-0337_359,1.4255,../data/noise/pointsource_noises/noise-free-sound-0337.wav,wav,
noise-free-sound-0338_360,9.24,../data/noise/pointsource_noises/noise-free-sound-0338.wav,wav,
noise-free-sound-0339_361,20.328,../data/noise/pointsource_noises/noise-free-sound-0339.wav,wav,
noise-free-sound-0340_362,33.672,../data/noise/pointsource_noises/noise-free-sound-0340.wav,wav,
noise-free-sound-0341_363,23.071875,../data/noise/pointsource_noises/noise-free-sound-0341.wav,wav,
noise-free-sound-0342_364,13.806,../data/noise/pointsource_noises/noise-free-sound-0342.wav,wav,
noise-free-sound-0343_365,2.809625,../data/noise/pointsource_noises/noise-free-sound-0343.wav,wav,
noise-free-sound-0344_366,20.544,../data/noise/pointsource_noises/noise-free-sound-0344.wav,wav,
noise-free-sound-0346_367,18.5469375,../data/noise/pointsource_noises/noise-free-sound-0346.wav,wav,
noise-free-sound-0347_368,13.7801875,../data/noise/pointsource_noises/noise-free-sound-0347.wav,wav,
noise-free-sound-0348_369,50.1140625,../data/noise/pointsource_noises/noise-free-sound-0348.wav,wav,
noise-free-sound-0349_370,1.0,../data/noise/pointsource_noises/noise-free-sound-0349.wav,wav,
noise-free-sound-0350_371,9.0,../data/noise/pointsource_noises/noise-free-sound-0350.wav,wav,
noise-free-sound-0351_372,4.968,../data/noise/pointsource_noises/noise-free-sound-0351.wav,wav,
noise-free-sound-0352_373,10.0,../data/noise/pointsource_noises/noise-free-sound-0352.wav,wav,
noise-free-sound-0353_374,26.0963125,../data/noise/pointsource_noises/noise-free-sound-0353.wav,wav,
noise-free-sound-0354_375,0.9999375,../data/noise/pointsource_noises/noise-free-sound-0354.wav,wav,
noise-free-sound-0355_376,14.664,../data/noise/pointsource_noises/noise-free-sound-0355.wav,wav,
noise-free-sound-0356_377,24.96,../data/noise/pointsource_noises/noise-free-sound-0356.wav,wav,
noise-free-sound-0357_378,8.1763125,../data/noise/pointsource_noises/noise-free-sound-0357.wav,wav,
noise-free-sound-0358_379,21.24625,../data/noise/pointsource_noises/noise-free-sound-0358.wav,wav,
noise-free-sound-0359_380,18.3078125,../data/noise/pointsource_noises/noise-free-sound-0359.wav,wav,
noise-free-sound-0361_381,7.7390625,../data/noise/pointsource_noises/noise-free-sound-0361.wav,wav,
noise-free-sound-0362_382,12.875,../data/noise/pointsource_noises/noise-free-sound-0362.wav,wav,
noise-free-sound-0363_383,4.721875,../data/noise/pointsource_noises/noise-free-sound-0363.wav,wav,
noise-free-sound-0364_384,11.8400625,../data/noise/pointsource_noises/noise-free-sound-0364.wav,wav,
noise-free-sound-0365_385,10.057125,../data/noise/pointsource_noises/noise-free-sound-0365.wav,wav,
noise-free-sound-0366_386,4.049,../data/noise/pointsource_noises/noise-free-sound-0366.wav,wav,
noise-free-sound-0367_387,1.044875,../data/noise/pointsource_noises/noise-free-sound-0367.wav,wav,
noise-free-sound-0368_388,1.6456875,../data/noise/pointsource_noises/noise-free-sound-0368.wav,wav,
noise-free-sound-0369_389,4.049,../data/noise/pointsource_noises/noise-free-sound-0369.wav,wav,
noise-free-sound-0370_390,72.2546875,../data/noise/pointsource_noises/noise-free-sound-0370.wav,wav,
noise-free-sound-0371_391,21.28,../data/noise/pointsource_noises/noise-free-sound-0371.wav,wav,
noise-free-sound-0372_392,22.88875,../data/noise/pointsource_noises/noise-free-sound-0372.wav,wav,
noise-free-sound-0373_393,3.234625,../data/noise/pointsource_noises/noise-free-sound-0373.wav,wav,
noise-free-sound-0374_394,0.7430625,../data/noise/pointsource_noises/noise-free-sound-0374.wav,wav,
noise-free-sound-0376_395,5.0866875,../data/noise/pointsource_noises/noise-free-sound-0376.wav,wav,
noise-free-sound-0377_396,8.986125,../data/noise/pointsource_noises/noise-free-sound-0377.wav,wav,
noise-free-sound-0378_397,22.2824375,../data/noise/pointsource_noises/noise-free-sound-0378.wav,wav,
noise-free-sound-0379_398,6.9893125,../data/noise/pointsource_noises/noise-free-sound-0379.wav,wav,
noise-free-sound-0380_399,0.144,../data/noise/pointsource_noises/noise-free-sound-0380.wav,wav,
noise-free-sound-0381_400,44.2775625,../data/noise/pointsource_noises/noise-free-sound-0381.wav,wav,
noise-free-sound-0382_401,60.552,../data/noise/pointsource_noises/noise-free-sound-0382.wav,wav,
noise-free-sound-0383_402,32.904,../data/noise/pointsource_noises/noise-free-sound-0383.wav,wav,
noise-free-sound-0384_403,178.211375,../data/noise/pointsource_noises/noise-free-sound-0384.wav,wav,
noise-free-sound-0385_404,8.408375,../data/noise/pointsource_noises/noise-free-sound-0385.wav,wav,
noise-free-sound-0386_405,26.7350625,../data/noise/pointsource_noises/noise-free-sound-0386.wav,wav,
noise-free-sound-0387_406,5.96025,../data/noise/pointsource_noises/noise-free-sound-0387.wav,wav,
noise-free-sound-0388_407,4.382375,../data/noise/pointsource_noises/noise-free-sound-0388.wav,wav,
noise-free-sound-0389_408,13.7295,../data/noise/pointsource_noises/noise-free-sound-0389.wav,wav,
noise-free-sound-0391_409,23.391,../data/noise/pointsource_noises/noise-free-sound-0391.wav,wav,
noise-free-sound-0392_410,13.221,../data/noise/pointsource_noises/noise-free-sound-0392.wav,wav,
noise-free-sound-0393_411,5.5379375,../data/noise/pointsource_noises/noise-free-sound-0393.wav,wav,
noise-free-sound-0394_412,23.72,../data/noise/pointsource_noises/noise-free-sound-0394.wav,wav,
noise-free-sound-0395_413,7.73225,../data/noise/pointsource_noises/noise-free-sound-0395.wav,wav,
noise-free-sound-0396_414,9.7959375,../data/noise/pointsource_noises/noise-free-sound-0396.wav,wav,
noise-free-sound-0397_415,45.328,../data/noise/pointsource_noises/noise-free-sound-0397.wav,wav,
noise-free-sound-0398_416,44.8800625,../data/noise/pointsource_noises/noise-free-sound-0398.wav,wav,
noise-free-sound-0399_417,16.9025,../data/noise/pointsource_noises/noise-free-sound-0399.wav,wav,
noise-free-sound-0400_418,14.86075,../data/noise/pointsource_noises/noise-free-sound-0400.wav,wav,
noise-free-sound-0401_419,10.3515625,../data/noise/pointsource_noises/noise-free-sound-0401.wav,wav,
noise-free-sound-0402_420,29.6705625,../data/noise/pointsource_noises/noise-free-sound-0402.wav,wav,
noise-free-sound-0403_421,13.009,../data/noise/pointsource_noises/noise-free-sound-0403.wav,wav,
noise-free-sound-0404_422,19.040375,../data/noise/pointsource_noises/noise-free-sound-0404.wav,wav,
noise-free-sound-0406_423,19.8315,../data/noise/pointsource_noises/noise-free-sound-0406.wav,wav,
noise-free-sound-0407_424,2.9594375,../data/noise/pointsource_noises/noise-free-sound-0407.wav,wav,
noise-free-sound-0408_425,15.0,../data/noise/pointsource_noises/noise-free-sound-0408.wav,wav,
noise-free-sound-0409_426,8.6186875,../data/noise/pointsource_noises/noise-free-sound-0409.wav,wav,
noise-free-sound-0410_427,1.1808125,../data/noise/pointsource_noises/noise-free-sound-0410.wav,wav,
noise-free-sound-0411_428,2.3625625,../data/noise/pointsource_noises/noise-free-sound-0411.wav,wav,
noise-free-sound-0412_429,2.624875,../data/noise/pointsource_noises/noise-free-sound-0412.wav,wav,
noise-free-sound-0413_430,21.995125,../data/noise/pointsource_noises/noise-free-sound-0413.wav,wav,
noise-free-sound-0414_431,28.3785,../data/noise/pointsource_noises/noise-free-sound-0414.wav,wav,
noise-free-sound-0415_432,6.624,../data/noise/pointsource_noises/noise-free-sound-0415.wav,wav,
noise-free-sound-0416_433,14.9700625,../data/noise/pointsource_noises/noise-free-sound-0416.wav,wav,
noise-free-sound-0417_434,10.1516875,../data/noise/pointsource_noises/noise-free-sound-0417.wav,wav,
noise-free-sound-0418_435,40.99575,../data/noise/pointsource_noises/noise-free-sound-0418.wav,wav,
noise-free-sound-0419_436,11.9901875,../data/noise/pointsource_noises/noise-free-sound-0419.wav,wav,
noise-free-sound-0015_437,91.244875,../data/noise/pointsource_noises/noise-free-sound-0015.wav,wav,
noise-free-sound-0030_438,73.01225,../data/noise/pointsource_noises/noise-free-sound-0030.wav,wav,
noise-free-sound-0045_439,4.644,../data/noise/pointsource_noises/noise-free-sound-0045.wav,wav,
noise-free-sound-0060_440,1.044875,../data/noise/pointsource_noises/noise-free-sound-0060.wav,wav,
noise-free-sound-0075_441,20.31125,../data/noise/pointsource_noises/noise-free-sound-0075.wav,wav,
noise-free-sound-0090_442,5.8441875,../data/noise/pointsource_noises/noise-free-sound-0090.wav,wav,
noise-free-sound-0105_443,306.4163125,../data/noise/pointsource_noises/noise-free-sound-0105.wav,wav,
noise-free-sound-0120_444,18.4344375,../data/noise/pointsource_noises/noise-free-sound-0120.wav,wav,
noise-free-sound-0135_445,3.0045625,../data/noise/pointsource_noises/noise-free-sound-0135.wav,wav,
noise-free-sound-0150_446,0.4504375,../data/noise/pointsource_noises/noise-free-sound-0150.wav,wav,
noise-free-sound-0165_447,33.837375,../data/noise/pointsource_noises/noise-free-sound-0165.wav,wav,
noise-free-sound-0180_448,15.5155,../data/noise/pointsource_noises/noise-free-sound-0180.wav,wav,
noise-free-sound-0195_449,4.2959375,../data/noise/pointsource_noises/noise-free-sound-0195.wav,wav,
noise-free-sound-0421_450,3.3698125,../data/noise/pointsource_noises/noise-free-sound-0421.wav,wav,
noise-free-sound-0422_451,9.1626875,../data/noise/pointsource_noises/noise-free-sound-0422.wav,wav,
noise-free-sound-0423_452,12.25,../data/noise/pointsource_noises/noise-free-sound-0423.wav,wav,
noise-free-sound-0424_453,16.666125,../data/noise/pointsource_noises/noise-free-sound-0424.wav,wav,
noise-free-sound-0425_454,1.410625,../data/noise/pointsource_noises/noise-free-sound-0425.wav,wav,
noise-free-sound-0426_455,3.89225,../data/noise/pointsource_noises/noise-free-sound-0426.wav,wav,
noise-free-sound-0427_456,21.995125,../data/noise/pointsource_noises/noise-free-sound-0427.wav,wav,
noise-free-sound-0428_457,18.622375,../data/noise/pointsource_noises/noise-free-sound-0428.wav,wav,
noise-free-sound-0429_458,24.0,../data/noise/pointsource_noises/noise-free-sound-0429.wav,wav,
noise-free-sound-0430_459,67.2,../data/noise/pointsource_noises/noise-free-sound-0430.wav,wav,
noise-free-sound-0431_460,22.9355,../data/noise/pointsource_noises/noise-free-sound-0431.wav,wav,
noise-free-sound-0432_461,22.2540625,../data/noise/pointsource_noises/noise-free-sound-0432.wav,wav,
noise-free-sound-0433_462,42.2370625,../data/noise/pointsource_noises/noise-free-sound-0433.wav,wav,
noise-free-sound-0434_463,21.528,../data/noise/pointsource_noises/noise-free-sound-0434.wav,wav,
noise-free-sound-0436_464,51.2120625,../data/noise/pointsource_noises/noise-free-sound-0436.wav,wav,
noise-free-sound-0437_465,1.19,../data/noise/pointsource_noises/noise-free-sound-0437.wav,wav,
noise-free-sound-0438_466,7.52325,../data/noise/pointsource_noises/noise-free-sound-0438.wav,wav,
noise-free-sound-0439_467,30.7875625,../data/noise/pointsource_noises/noise-free-sound-0439.wav,wav,
noise-free-sound-0440_468,4.1883125,../data/noise/pointsource_noises/noise-free-sound-0440.wav,wav,
noise-free-sound-0441_469,45.568,../data/noise/pointsource_noises/noise-free-sound-0441.wav,wav,
noise-free-sound-0442_470,76.0721875,../data/noise/pointsource_noises/noise-free-sound-0442.wav,wav,
noise-free-sound-0443_471,42.24,../data/noise/pointsource_noises/noise-free-sound-0443.wav,wav,
noise-free-sound-0444_472,20.2478125,../data/noise/pointsource_noises/noise-free-sound-0444.wav,wav,
noise-free-sound-0445_473,18.3901875,../data/noise/pointsource_noises/noise-free-sound-0445.wav,wav,
noise-free-sound-0446_474,31.416,../data/noise/pointsource_noises/noise-free-sound-0446.wav,wav,
noise-free-sound-0447_475,28.5779375,../data/noise/pointsource_noises/noise-free-sound-0447.wav,wav,
noise-free-sound-0448_476,0.574,../data/noise/pointsource_noises/noise-free-sound-0448.wav,wav,
noise-free-sound-0449_477,4.7380625,../data/noise/pointsource_noises/noise-free-sound-0449.wav,wav,
noise-free-sound-0451_478,44.04,../data/noise/pointsource_noises/noise-free-sound-0451.wav,wav,
noise-free-sound-0452_479,17.8445625,../data/noise/pointsource_noises/noise-free-sound-0452.wav,wav,
noise-free-sound-0453_480,0.9404375,../data/noise/pointsource_noises/noise-free-sound-0453.wav,wav,
noise-free-sound-0454_481,41.885,../data/noise/pointsource_noises/noise-free-sound-0454.wav,wav,
noise-free-sound-0455_482,168.2695,../data/noise/pointsource_noises/noise-free-sound-0455.wav,wav,
noise-free-sound-0456_483,28.96325,../data/noise/pointsource_noises/noise-free-sound-0456.wav,wav,
noise-free-sound-0457_484,44.3666875,../data/noise/pointsource_noises/noise-free-sound-0457.wav,wav,
noise-free-sound-0458_485,20.7055625,../data/noise/pointsource_noises/noise-free-sound-0458.wav,wav,
noise-free-sound-0459_486,40.3069375,../data/noise/pointsource_noises/noise-free-sound-0459.wav,wav,
noise-free-sound-0460_487,13.104,../data/noise/pointsource_noises/noise-free-sound-0460.wav,wav,
noise-free-sound-0461_488,53.3406875,../data/noise/pointsource_noises/noise-free-sound-0461.wav,wav,
noise-free-sound-0462_489,18.76375,../data/noise/pointsource_noises/noise-free-sound-0462.wav,wav,
noise-free-sound-0463_490,15.1105625,../data/noise/pointsource_noises/noise-free-sound-0463.wav,wav,
noise-free-sound-0464_491,8.0831875,../data/noise/pointsource_noises/noise-free-sound-0464.wav,wav,
noise-free-sound-0466_492,13.9530625,../data/noise/pointsource_noises/noise-free-sound-0466.wav,wav,
noise-free-sound-0467_493,14.1738125,../data/noise/pointsource_noises/noise-free-sound-0467.wav,wav,
noise-free-sound-0468_494,23.12375,../data/noise/pointsource_noises/noise-free-sound-0468.wav,wav,
noise-free-sound-0469_495,10.7805,../data/noise/pointsource_noises/noise-free-sound-0469.wav,wav,
noise-free-sound-0470_496,4.757375,../data/noise/pointsource_noises/noise-free-sound-0470.wav,wav,
noise-free-sound-0471_497,7.915125,../data/noise/pointsource_noises/noise-free-sound-0471.wav,wav,
noise-free-sound-0472_498,94.0,../data/noise/pointsource_noises/noise-free-sound-0472.wav,wav,
noise-free-sound-0473_499,9.11675,../data/noise/pointsource_noises/noise-free-sound-0473.wav,wav,
noise-free-sound-0474_500,35.935,../data/noise/pointsource_noises/noise-free-sound-0474.wav,wav,
noise-free-sound-0475_501,36.3624375,../data/noise/pointsource_noises/noise-free-sound-0475.wav,wav,
noise-free-sound-0476_502,9.5608125,../data/noise/pointsource_noises/noise-free-sound-0476.wav,wav,
noise-free-sound-0477_503,15.124875,../data/noise/pointsource_noises/noise-free-sound-0477.wav,wav,
noise-free-sound-0478_504,8.5195,../data/noise/pointsource_noises/noise-free-sound-0478.wav,wav,
noise-free-sound-0479_505,3.715625,../data/noise/pointsource_noises/noise-free-sound-0479.wav,wav,
noise-free-sound-0481_506,7.907875,../data/noise/pointsource_noises/noise-free-sound-0481.wav,wav,
noise-free-sound-0482_507,13.5314375,../data/noise/pointsource_noises/noise-free-sound-0482.wav,wav,
noise-free-sound-0483_508,22.5959375,../data/noise/pointsource_noises/noise-free-sound-0483.wav,wav,
noise-free-sound-0484_509,10.6318125,../data/noise/pointsource_noises/noise-free-sound-0484.wav,wav,
noise-free-sound-0485_510,10.8930625,../data/noise/pointsource_noises/noise-free-sound-0485.wav,wav,
noise-free-sound-0486_511,6.4098125,../data/noise/pointsource_noises/noise-free-sound-0486.wav,wav,
noise-free-sound-0487_512,1.9301875,../data/noise/pointsource_noises/noise-free-sound-0487.wav,wav,
noise-free-sound-0488_513,5.656875,../data/noise/pointsource_noises/noise-free-sound-0488.wav,wav,
noise-free-sound-0489_514,62.8613125,../data/noise/pointsource_noises/noise-free-sound-0489.wav,wav,
noise-free-sound-0490_515,12.9799375,../data/noise/pointsource_noises/noise-free-sound-0490.wav,wav,
noise-free-sound-0491_516,1.544125,../data/noise/pointsource_noises/noise-free-sound-0491.wav,wav,
noise-free-sound-0492_517,20.0,../data/noise/pointsource_noises/noise-free-sound-0492.wav,wav,
noise-free-sound-0493_518,14.02775,../data/noise/pointsource_noises/noise-free-sound-0493.wav,wav,
noise-free-sound-0494_519,56.05875,../data/noise/pointsource_noises/noise-free-sound-0494.wav,wav,
noise-free-sound-0496_520,5.97325,../data/noise/pointsource_noises/noise-free-sound-0496.wav,wav,
noise-free-sound-0497_521,302.0,../data/noise/pointsource_noises/noise-free-sound-0497.wav,wav,
noise-free-sound-0498_522,5.0,../data/noise/pointsource_noises/noise-free-sound-0498.wav,wav,
noise-free-sound-0499_523,7.889,../data/noise/pointsource_noises/noise-free-sound-0499.wav,wav,
noise-free-sound-0500_524,34.374875,../data/noise/pointsource_noises/noise-free-sound-0500.wav,wav,
noise-free-sound-0501_525,12.0079375,../data/noise/pointsource_noises/noise-free-sound-0501.wav,wav,
noise-free-sound-0502_526,73.2,../data/noise/pointsource_noises/noise-free-sound-0502.wav,wav,
noise-free-sound-0503_527,5.0648125,../data/noise/pointsource_noises/noise-free-sound-0503.wav,wav,
noise-free-sound-0504_528,58.0034375,../data/noise/pointsource_noises/noise-free-sound-0504.wav,wav,
noise-free-sound-0505_529,9.373875,../data/noise/pointsource_noises/noise-free-sound-0505.wav,wav,
noise-free-sound-0506_530,24.58125,../data/noise/pointsource_noises/noise-free-sound-0506.wav,wav,
noise-free-sound-0507_531,1.1199375,../data/noise/pointsource_noises/noise-free-sound-0507.wav,wav,
noise-free-sound-0508_532,7.319875,../data/noise/pointsource_noises/noise-free-sound-0508.wav,wav,
noise-free-sound-0509_533,10.79725,../data/noise/pointsource_noises/noise-free-sound-0509.wav,wav,
noise-free-sound-0511_534,4.0,../data/noise/pointsource_noises/noise-free-sound-0511.wav,wav,
noise-free-sound-0512_535,3.78775,../data/noise/pointsource_noises/noise-free-sound-0512.wav,wav,
noise-free-sound-0513_536,10.7885625,../data/noise/pointsource_noises/noise-free-sound-0513.wav,wav,
noise-free-sound-0514_537,5.329,../data/noise/pointsource_noises/noise-free-sound-0514.wav,wav,
noise-free-sound-0515_538,4.075125,../data/noise/pointsource_noises/noise-free-sound-0515.wav,wav,
noise-free-sound-0516_539,1.0991875,../data/noise/pointsource_noises/noise-free-sound-0516.wav,wav,
noise-free-sound-0517_540,9.962,../data/noise/pointsource_noises/noise-free-sound-0517.wav,wav,
noise-free-sound-0518_541,18.7820625,../data/noise/pointsource_noises/noise-free-sound-0518.wav,wav,
noise-free-sound-0519_542,33.5935,../data/noise/pointsource_noises/noise-free-sound-0519.wav,wav,
noise-free-sound-0520_543,12.5,../data/noise/pointsource_noises/noise-free-sound-0520.wav,wav,
noise-free-sound-0521_544,7.0008125,../data/noise/pointsource_noises/noise-free-sound-0521.wav,wav,
noise-free-sound-0522_545,79.2853125,../data/noise/pointsource_noises/noise-free-sound-0522.wav,wav,
noise-free-sound-0523_546,8.424,../data/noise/pointsource_noises/noise-free-sound-0523.wav,wav,
noise-free-sound-0524_547,22.6495,../data/noise/pointsource_noises/noise-free-sound-0524.wav,wav,
noise-free-sound-0526_548,1.4186875,../data/noise/pointsource_noises/noise-free-sound-0526.wav,wav,
noise-free-sound-0527_549,9.3093125,../data/noise/pointsource_noises/noise-free-sound-0527.wav,wav,
noise-free-sound-0528_550,3.06975,../data/noise/pointsource_noises/noise-free-sound-0528.wav,wav,
noise-free-sound-0529_551,1.8594375,../data/noise/pointsource_noises/noise-free-sound-0529.wav,wav,
noise-free-sound-0530_552,7.7573125,../data/noise/pointsource_noises/noise-free-sound-0530.wav,wav,
noise-free-sound-0531_553,46.7388125,../data/noise/pointsource_noises/noise-free-sound-0531.wav,wav,
noise-free-sound-0532_554,6.0,../data/noise/pointsource_noises/noise-free-sound-0532.wav,wav,
noise-free-sound-0533_555,37.91875,../data/noise/pointsource_noises/noise-free-sound-0533.wav,wav,
noise-free-sound-0534_556,17.477625,../data/noise/pointsource_noises/noise-free-sound-0534.wav,wav,
noise-free-sound-0535_557,18.137625,../data/noise/pointsource_noises/noise-free-sound-0535.wav,wav,
noise-free-sound-0536_558,0.69275,../data/noise/pointsource_noises/noise-free-sound-0536.wav,wav,
noise-free-sound-0537_559,12.1733125,../data/noise/pointsource_noises/noise-free-sound-0537.wav,wav,
noise-free-sound-0538_560,0.5738125,../data/noise/pointsource_noises/noise-free-sound-0538.wav,wav,
noise-free-sound-0539_561,1.515125,../data/noise/pointsource_noises/noise-free-sound-0539.wav,wav,
noise-free-sound-0541_562,16.37875,../data/noise/pointsource_noises/noise-free-sound-0541.wav,wav,
noise-free-sound-0542_563,8.224,../data/noise/pointsource_noises/noise-free-sound-0542.wav,wav,
noise-free-sound-0543_564,4.356,../data/noise/pointsource_noises/noise-free-sound-0543.wav,wav,
noise-free-sound-0544_565,107.064,../data/noise/pointsource_noises/noise-free-sound-0544.wav,wav,
noise-free-sound-0545_566,31.07325,../data/noise/pointsource_noises/noise-free-sound-0545.wav,wav,
noise-free-sound-0546_567,117.6240625,../data/noise/pointsource_noises/noise-free-sound-0546.wav,wav,
noise-free-sound-0547_568,4.848875,../data/noise/pointsource_noises/noise-free-sound-0547.wav,wav,
noise-free-sound-0548_569,8.2024375,../data/noise/pointsource_noises/noise-free-sound-0548.wav,wav,
noise-free-sound-0549_570,5.832,../data/noise/pointsource_noises/noise-free-sound-0549.wav,wav,
noise-free-sound-0550_571,6.373875,../data/noise/pointsource_noises/noise-free-sound-0550.wav,wav,
noise-free-sound-0551_572,33.18525,../data/noise/pointsource_noises/noise-free-sound-0551.wav,wav,
noise-free-sound-0552_573,77.736,../data/noise/pointsource_noises/noise-free-sound-0552.wav,wav,
noise-free-sound-0553_574,16.431,../data/noise/pointsource_noises/noise-free-sound-0553.wav,wav,
noise-free-sound-0554_575,0.7836875,../data/noise/pointsource_noises/noise-free-sound-0554.wav,wav,
noise-free-sound-0556_576,19.9053125,../data/noise/pointsource_noises/noise-free-sound-0556.wav,wav,
noise-free-sound-0557_577,9.11675,../data/noise/pointsource_noises/noise-free-sound-0557.wav,wav,
noise-free-sound-0558_578,8.38575,../data/noise/pointsource_noises/noise-free-sound-0558.wav,wav,
noise-free-sound-0559_579,14.204625,../data/noise/pointsource_noises/noise-free-sound-0559.wav,wav,
noise-free-sound-0560_580,269.544,../data/noise/pointsource_noises/noise-free-sound-0560.wav,wav,
noise-free-sound-0561_581,1.1755,../data/noise/pointsource_noises/noise-free-sound-0561.wav,wav,
noise-free-sound-0562_582,9.0645,../data/noise/pointsource_noises/noise-free-sound-0562.wav,wav,
noise-free-sound-0563_583,24.331875,../data/noise/pointsource_noises/noise-free-sound-0563.wav,wav,
noise-free-sound-0564_584,0.1035625,../data/noise/pointsource_noises/noise-free-sound-0564.wav,wav,
noise-free-sound-0565_585,7.429375,../data/noise/pointsource_noises/noise-free-sound-0565.wav,wav,
noise-free-sound-0566_586,6.1883125,../data/noise/pointsource_noises/noise-free-sound-0566.wav,wav,
noise-free-sound-0567_587,98.88,../data/noise/pointsource_noises/noise-free-sound-0567.wav,wav,
noise-free-sound-0568_588,113.6384375,../data/noise/pointsource_noises/noise-free-sound-0568.wav,wav,
noise-free-sound-0569_589,3.84,../data/noise/pointsource_noises/noise-free-sound-0569.wav,wav,
noise-free-sound-0571_590,7.1314375,../data/noise/pointsource_noises/noise-free-sound-0571.wav,wav,
noise-free-sound-0572_591,123.4285625,../data/noise/pointsource_noises/noise-free-sound-0572.wav,wav,
noise-free-sound-0573_592,0.391,../data/noise/pointsource_noises/noise-free-sound-0573.wav,wav,
noise-free-sound-0574_593,20.8456875,../data/noise/pointsource_noises/noise-free-sound-0574.wav,wav,
noise-free-sound-0575_594,6.635125,../data/noise/pointsource_noises/noise-free-sound-0575.wav,wav,
noise-free-sound-0576_595,3.732625,../data/noise/pointsource_noises/noise-free-sound-0576.wav,wav,
noise-free-sound-0577_596,13.4530625,../data/noise/pointsource_noises/noise-free-sound-0577.wav,wav,
noise-free-sound-0578_597,19.35675,../data/noise/pointsource_noises/noise-free-sound-0578.wav,wav,
noise-free-sound-0579_598,17.2660625,../data/noise/pointsource_noises/noise-free-sound-0579.wav,wav,
noise-free-sound-0580_599,135.68,../data/noise/pointsource_noises/noise-free-sound-0580.wav,wav,
noise-free-sound-0581_600,51.4863125,../data/noise/pointsource_noises/noise-free-sound-0581.wav,wav,
noise-free-sound-0582_601,1.4744375,../data/noise/pointsource_noises/noise-free-sound-0582.wav,wav,
noise-free-sound-0583_602,2.04375,../data/noise/pointsource_noises/noise-free-sound-0583.wav,wav,
noise-free-sound-0584_603,15.7739375,../data/noise/pointsource_noises/noise-free-sound-0584.wav,wav,
noise-free-sound-0586_604,10.8333125,../data/noise/pointsource_noises/noise-free-sound-0586.wav,wav,
noise-free-sound-0587_605,6.1226875,../data/noise/pointsource_noises/noise-free-sound-0587.wav,wav,
noise-free-sound-0588_606,5.8026875,../data/noise/pointsource_noises/noise-free-sound-0588.wav,wav,
noise-free-sound-0589_607,2.2465,../data/noise/pointsource_noises/noise-free-sound-0589.wav,wav,
noise-free-sound-0590_608,3.78775,../data/noise/pointsource_noises/noise-free-sound-0590.wav,wav,
noise-free-sound-0591_609,12.256875,../data/noise/pointsource_noises/noise-free-sound-0591.wav,wav,
noise-free-sound-0592_610,32.875125,../data/noise/pointsource_noises/noise-free-sound-0592.wav,wav,
noise-free-sound-0593_611,61.649,../data/noise/pointsource_noises/noise-free-sound-0593.wav,wav,
noise-free-sound-0594_612,141.1773125,../data/noise/pointsource_noises/noise-free-sound-0594.wav,wav,
noise-free-sound-0595_613,26.898625,../data/noise/pointsource_noises/noise-free-sound-0595.wav,wav,
noise-free-sound-0596_614,13.33925,../data/noise/pointsource_noises/noise-free-sound-0596.wav,wav,
noise-free-sound-0597_615,6.24325,../data/noise/pointsource_noises/noise-free-sound-0597.wav,wav,
noise-free-sound-0598_616,57.920125,../data/noise/pointsource_noises/noise-free-sound-0598.wav,wav,
noise-free-sound-0599_617,3.84,../data/noise/pointsource_noises/noise-free-sound-0599.wav,wav,
noise-free-sound-0601_618,4.239875,../data/noise/pointsource_noises/noise-free-sound-0601.wav,wav,
noise-free-sound-0602_619,4.125,../data/noise/pointsource_noises/noise-free-sound-0602.wav,wav,
noise-free-sound-0603_620,7.3740625,../data/noise/pointsource_noises/noise-free-sound-0603.wav,wav,
noise-free-sound-0604_621,7.358125,../data/noise/pointsource_noises/noise-free-sound-0604.wav,wav,
noise-free-sound-0605_622,32.0,../data/noise/pointsource_noises/noise-free-sound-0605.wav,wav,
noise-free-sound-0606_623,88.84,../data/noise/pointsource_noises/noise-free-sound-0606.wav,wav,
noise-free-sound-0607_624,20.0098125,../data/noise/pointsource_noises/noise-free-sound-0607.wav,wav,
noise-free-sound-0608_625,3.5265,../data/noise/pointsource_noises/noise-free-sound-0608.wav,wav,
noise-free-sound-0609_626,10.161625,../data/noise/pointsource_noises/noise-free-sound-0609.wav,wav,
noise-free-sound-0610_627,11.1804375,../data/noise/pointsource_noises/noise-free-sound-0610.wav,wav,
noise-free-sound-0611_628,0.127,../data/noise/pointsource_noises/noise-free-sound-0611.wav,wav,
noise-free-sound-0612_629,11.0498125,../data/noise/pointsource_noises/noise-free-sound-0612.wav,wav,
noise-free-sound-0613_630,28.5518125,../data/noise/pointsource_noises/noise-free-sound-0613.wav,wav,
noise-free-sound-0614_631,30.0,../data/noise/pointsource_noises/noise-free-sound-0614.wav,wav,
noise-free-sound-0616_632,22.6481875,../data/noise/pointsource_noises/noise-free-sound-0616.wav,wav,
noise-free-sound-0617_633,8.2026875,../data/noise/pointsource_noises/noise-free-sound-0617.wav,wav,
noise-free-sound-0618_634,3.0205625,../data/noise/pointsource_noises/noise-free-sound-0618.wav,wav,
noise-free-sound-0619_635,0.5454375,../data/noise/pointsource_noises/noise-free-sound-0619.wav,wav,
noise-free-sound-0620_636,11.5664375,../data/noise/pointsource_noises/noise-free-sound-0620.wav,wav,
noise-free-sound-0621_637,6.724375,../data/noise/pointsource_noises/noise-free-sound-0621.wav,wav,
noise-free-sound-0622_638,11.9901875,../data/noise/pointsource_noises/noise-free-sound-0622.wav,wav,
noise-free-sound-0623_639,34.9518125,../data/noise/pointsource_noises/noise-free-sound-0623.wav,wav,
noise-free-sound-0624_640,0.104,../data/noise/pointsource_noises/noise-free-sound-0624.wav,wav,
noise-free-sound-0625_641,20.8195625,../data/noise/pointsource_noises/noise-free-sound-0625.wav,wav,
noise-free-sound-0626_642,1.3235625,../data/noise/pointsource_noises/noise-free-sound-0626.wav,wav,
noise-free-sound-0627_643,0.3135,../data/noise/pointsource_noises/noise-free-sound-0627.wav,wav,
noise-free-sound-0628_644,29.0220625,../data/noise/pointsource_noises/noise-free-sound-0628.wav,wav,
noise-free-sound-0629_645,3.5,../data/noise/pointsource_noises/noise-free-sound-0629.wav,wav,
noise-free-sound-0225_646,12.452,../data/noise/pointsource_noises/noise-free-sound-0225.wav,wav,
noise-free-sound-0240_647,26.2261875,../data/noise/pointsource_noises/noise-free-sound-0240.wav,wav,
noise-free-sound-0255_648,5.5375,../data/noise/pointsource_noises/noise-free-sound-0255.wav,wav,
noise-free-sound-0270_649,398.0610625,../data/noise/pointsource_noises/noise-free-sound-0270.wav,wav,
noise-free-sound-0285_650,4.0925,../data/noise/pointsource_noises/noise-free-sound-0285.wav,wav,
noise-free-sound-0300_651,6.112625,../data/noise/pointsource_noises/noise-free-sound-0300.wav,wav,
noise-free-sound-0315_652,2.7838125,../data/noise/pointsource_noises/noise-free-sound-0315.wav,wav,
noise-free-sound-0330_653,8.4288125,../data/noise/pointsource_noises/noise-free-sound-0330.wav,wav,
noise-free-sound-0345_654,5.9024375,../data/noise/pointsource_noises/noise-free-sound-0345.wav,wav,
noise-free-sound-0360_655,13.89375,../data/noise/pointsource_noises/noise-free-sound-0360.wav,wav,
noise-free-sound-0375_656,0.75,../data/noise/pointsource_noises/noise-free-sound-0375.wav,wav,
noise-free-sound-0390_657,15.7635,../data/noise/pointsource_noises/noise-free-sound-0390.wav,wav,
noise-free-sound-0405_658,2.306875,../data/noise/pointsource_noises/noise-free-sound-0405.wav,wav,
noise-free-sound-0210_659,5.6723125,../data/noise/pointsource_noises/noise-free-sound-0210.wav,wav,
noise-free-sound-0420_660,0.8214375,../data/noise/pointsource_noises/noise-free-sound-0420.wav,wav,
noise-free-sound-0631_661,5.6,../data/noise/pointsource_noises/noise-free-sound-0631.wav,wav,
noise-free-sound-0632_662,2.568,../data/noise/pointsource_noises/noise-free-sound-0632.wav,wav,
noise-free-sound-0633_663,18.272625,../data/noise/pointsource_noises/noise-free-sound-0633.wav,wav,
noise-free-sound-0634_664,64.0,../data/noise/pointsource_noises/noise-free-sound-0634.wav,wav,
noise-free-sound-0635_665,16.876,../data/noise/pointsource_noises/noise-free-sound-0635.wav,wav,
noise-free-sound-0636_666,31.3991875,../data/noise/pointsource_noises/noise-free-sound-0636.wav,wav,
noise-free-sound-0637_667,14.6841875,../data/noise/pointsource_noises/noise-free-sound-0637.wav,wav,
noise-free-sound-0638_668,5.5926875,../data/noise/pointsource_noises/noise-free-sound-0638.wav,wav,
noise-free-sound-0639_669,6.20375,../data/noise/pointsource_noises/noise-free-sound-0639.wav,wav,
noise-free-sound-0640_670,32.7836875,../data/noise/pointsource_noises/noise-free-sound-0640.wav,wav,
noise-free-sound-0641_671,35.1346875,../data/noise/pointsource_noises/noise-free-sound-0641.wav,wav,
noise-free-sound-0642_672,4.4930625,../data/noise/pointsource_noises/noise-free-sound-0642.wav,wav,
noise-free-sound-0643_673,2.78425,../data/noise/pointsource_noises/noise-free-sound-0643.wav,wav,
noise-free-sound-0644_674,94.5981875,../data/noise/pointsource_noises/noise-free-sound-0644.wav,wav,
noise-free-sound-0646_675,35.813,../data/noise/pointsource_noises/noise-free-sound-0646.wav,wav,
noise-free-sound-0647_676,60.103375,../data/noise/pointsource_noises/noise-free-sound-0647.wav,wav,
noise-free-sound-0648_677,12.288,../data/noise/pointsource_noises/noise-free-sound-0648.wav,wav,
noise-free-sound-0649_678,50.4279375,../data/noise/pointsource_noises/noise-free-sound-0649.wav,wav,
noise-free-sound-0650_679,16.236,../data/noise/pointsource_noises/noise-free-sound-0650.wav,wav,
noise-free-sound-0651_680,65.2095,../data/noise/pointsource_noises/noise-free-sound-0651.wav,wav,
noise-free-sound-0652_681,5.69925,../data/noise/pointsource_noises/noise-free-sound-0652.wav,wav,
noise-free-sound-0653_682,29.125,../data/noise/pointsource_noises/noise-free-sound-0653.wav,wav,
noise-free-sound-0654_683,5.9820625,../data/noise/pointsource_noises/noise-free-sound-0654.wav,wav,
noise-free-sound-0655_684,21.34,../data/noise/pointsource_noises/noise-free-sound-0655.wav,wav,
noise-free-sound-0656_685,4.884875,../data/noise/pointsource_noises/noise-free-sound-0656.wav,wav,
noise-free-sound-0657_686,9.6670625,../data/noise/pointsource_noises/noise-free-sound-0657.wav,wav,
noise-free-sound-0658_687,19.0,../data/noise/pointsource_noises/noise-free-sound-0658.wav,wav,
noise-free-sound-0659_688,11.1241875,../data/noise/pointsource_noises/noise-free-sound-0659.wav,wav,
noise-free-sound-0661_689,35.5150625,../data/noise/pointsource_noises/noise-free-sound-0661.wav,wav,
noise-free-sound-0662_690,1.410625,../data/noise/pointsource_noises/noise-free-sound-0662.wav,wav,
noise-free-sound-0663_691,29.3544375,../data/noise/pointsource_noises/noise-free-sound-0663.wav,wav,
noise-free-sound-0664_692,15.647375,../data/noise/pointsource_noises/noise-free-sound-0664.wav,wav,
noise-free-sound-0665_693,17.2669375,../data/noise/pointsource_noises/noise-free-sound-0665.wav,wav,
noise-free-sound-0666_694,13.685625,../data/noise/pointsource_noises/noise-free-sound-0666.wav,wav,
noise-free-sound-0667_695,13.7598125,../data/noise/pointsource_noises/noise-free-sound-0667.wav,wav,
noise-free-sound-0668_696,4.022875,../data/noise/pointsource_noises/noise-free-sound-0668.wav,wav,
noise-free-sound-0669_697,4.022875,../data/noise/pointsource_noises/noise-free-sound-0669.wav,wav,
noise-free-sound-0670_698,4.7600625,../data/noise/pointsource_noises/noise-free-sound-0670.wav,wav,
noise-free-sound-0671_699,70.191,../data/noise/pointsource_noises/noise-free-sound-0671.wav,wav,
noise-free-sound-0672_700,6.2955,../data/noise/pointsource_noises/noise-free-sound-0672.wav,wav,
noise-free-sound-0673_701,3.8298125,../data/noise/pointsource_noises/noise-free-sound-0673.wav,wav,
noise-free-sound-0674_702,31.131875,../data/noise/pointsource_noises/noise-free-sound-0674.wav,wav,
noise-free-sound-0676_703,2.1630625,../data/noise/pointsource_noises/noise-free-sound-0676.wav,wav,
noise-free-sound-0677_704,107.76,../data/noise/pointsource_noises/noise-free-sound-0677.wav,wav,
noise-free-sound-0678_705,2.0636875,../data/noise/pointsource_noises/noise-free-sound-0678.wav,wav,
noise-free-sound-0679_706,22.0,../data/noise/pointsource_noises/noise-free-sound-0679.wav,wav,
noise-free-sound-0680_707,14.568,../data/noise/pointsource_noises/noise-free-sound-0680.wav,wav,
noise-free-sound-0681_708,96.7053125,../data/noise/pointsource_noises/noise-free-sound-0681.wav,wav,
noise-free-sound-0682_709,18.18125,../data/noise/pointsource_noises/noise-free-sound-0682.wav,wav,
noise-free-sound-0683_710,27.616,../data/noise/pointsource_noises/noise-free-sound-0683.wav,wav,
noise-free-sound-0684_711,139.00625,../data/noise/pointsource_noises/noise-free-sound-0684.wav,wav,
noise-free-sound-0685_712,43.8785625,../data/noise/pointsource_noises/noise-free-sound-0685.wav,wav,
noise-free-sound-0686_713,15.6038125,../data/noise/pointsource_noises/noise-free-sound-0686.wav,wav,
noise-free-sound-0687_714,20.8020625,../data/noise/pointsource_noises/noise-free-sound-0687.wav,wav,
noise-free-sound-0688_715,19.25225,../data/noise/pointsource_noises/noise-free-sound-0688.wav,wav,
noise-free-sound-0689_716,1.05,../data/noise/pointsource_noises/noise-free-sound-0689.wav,wav,
noise-free-sound-0691_717,10.0693125,../data/noise/pointsource_noises/noise-free-sound-0691.wav,wav,
noise-free-sound-0692_718,0.927875,../data/noise/pointsource_noises/noise-free-sound-0692.wav,wav,
noise-free-sound-0693_719,1.410625,../data/noise/pointsource_noises/noise-free-sound-0693.wav,wav,
noise-free-sound-0694_720,19.8465,../data/noise/pointsource_noises/noise-free-sound-0694.wav,wav,
noise-free-sound-0695_721,9.4238125,../data/noise/pointsource_noises/noise-free-sound-0695.wav,wav,
noise-free-sound-0696_722,29.570625,../data/noise/pointsource_noises/noise-free-sound-0696.wav,wav,
noise-free-sound-0697_723,6.112625,../data/noise/pointsource_noises/noise-free-sound-0697.wav,wav,
noise-free-sound-0698_724,76.168875,../data/noise/pointsource_noises/noise-free-sound-0698.wav,wav,
noise-free-sound-0699_725,119.5101875,../data/noise/pointsource_noises/noise-free-sound-0699.wav,wav,
noise-free-sound-0700_726,41.04,../data/noise/pointsource_noises/noise-free-sound-0700.wav,wav,
noise-free-sound-0701_727,6.057625,../data/noise/pointsource_noises/noise-free-sound-0701.wav,wav,
noise-free-sound-0702_728,21.81225,../data/noise/pointsource_noises/noise-free-sound-0702.wav,wav,
noise-free-sound-0703_729,8.1930625,../data/noise/pointsource_noises/noise-free-sound-0703.wav,wav,
noise-free-sound-0704_730,20.16,../data/noise/pointsource_noises/noise-free-sound-0704.wav,wav,
noise-free-sound-0706_731,28.290625,../data/noise/pointsource_noises/noise-free-sound-0706.wav,wav,
noise-free-sound-0707_732,40.0718125,../data/noise/pointsource_noises/noise-free-sound-0707.wav,wav,
noise-free-sound-0708_733,63.0595625,../data/noise/pointsource_noises/noise-free-sound-0708.wav,wav,
noise-free-sound-0709_734,31.85775,../data/noise/pointsource_noises/noise-free-sound-0709.wav,wav,
noise-free-sound-0710_735,45.7404375,../data/noise/pointsource_noises/noise-free-sound-0710.wav,wav,
noise-free-sound-0711_736,0.3926875,../data/noise/pointsource_noises/noise-free-sound-0711.wav,wav,
noise-free-sound-0712_737,2.847375,../data/noise/pointsource_noises/noise-free-sound-0712.wav,wav,
noise-free-sound-0713_738,1.6979375,../data/noise/pointsource_noises/noise-free-sound-0713.wav,wav,
noise-free-sound-0714_739,1.12325,../data/noise/pointsource_noises/noise-free-sound-0714.wav,wav,
noise-free-sound-0715_740,60.0555,../data/noise/pointsource_noises/noise-free-sound-0715.wav,wav,
noise-free-sound-0716_741,0.624,../data/noise/pointsource_noises/noise-free-sound-0716.wav,wav,
noise-free-sound-0717_742,5.9820625,../data/noise/pointsource_noises/noise-free-sound-0717.wav,wav,
noise-free-sound-0718_743,13.035125,../data/noise/pointsource_noises/noise-free-sound-0718.wav,wav,
noise-free-sound-0719_744,7.0008125,../data/noise/pointsource_noises/noise-free-sound-0719.wav,wav,
noise-free-sound-0721_745,9.03,../data/noise/pointsource_noises/noise-free-sound-0721.wav,wav,
noise-free-sound-0722_746,7.77,../data/noise/pointsource_noises/noise-free-sound-0722.wav,wav,
noise-free-sound-0723_747,89.721875,../data/noise/pointsource_noises/noise-free-sound-0723.wav,wav,
noise-free-sound-0724_748,0.9109375,../data/noise/pointsource_noises/noise-free-sound-0724.wav,wav,
noise-free-sound-0725_749,33.2295625,../data/noise/pointsource_noises/noise-free-sound-0725.wav,wav,
noise-free-sound-0726_750,120.0138125,../data/noise/pointsource_noises/noise-free-sound-0726.wav,wav,
noise-free-sound-0727_751,29.022,../data/noise/pointsource_noises/noise-free-sound-0727.wav,wav,
noise-free-sound-0728_752,123.84,../data/noise/pointsource_noises/noise-free-sound-0728.wav,wav,
noise-free-sound-0729_753,187.14125,../data/noise/pointsource_noises/noise-free-sound-0729.wav,wav,
noise-free-sound-0730_754,1.489,../data/noise/pointsource_noises/noise-free-sound-0730.wav,wav,
noise-free-sound-0731_755,1.43675,../data/noise/pointsource_noises/noise-free-sound-0731.wav,wav,
noise-free-sound-0732_756,31.73875,../data/noise/pointsource_noises/noise-free-sound-0732.wav,wav,
noise-free-sound-0733_757,31.94775,../data/noise/pointsource_noises/noise-free-sound-0733.wav,wav,
noise-free-sound-0734_758,21.1591875,../data/noise/pointsource_noises/noise-free-sound-0734.wav,wav,
noise-free-sound-0736_759,0.9194375,../data/noise/pointsource_noises/noise-free-sound-0736.wav,wav,
noise-free-sound-0737_760,4.8469375,../data/noise/pointsource_noises/noise-free-sound-0737.wav,wav,
noise-free-sound-0738_761,27.89875,../data/noise/pointsource_noises/noise-free-sound-0738.wav,wav,
noise-free-sound-0739_762,19.224,../data/noise/pointsource_noises/noise-free-sound-0739.wav,wav,
noise-free-sound-0740_763,64.0714375,../data/noise/pointsource_noises/noise-free-sound-0740.wav,wav,
noise-free-sound-0741_764,18.696,../data/noise/pointsource_noises/noise-free-sound-0741.wav,wav,
noise-free-sound-0742_765,22.5436875,../data/noise/pointsource_noises/noise-free-sound-0742.wav,wav,
noise-free-sound-0743_766,43.9640625,../data/noise/pointsource_noises/noise-free-sound-0743.wav,wav,
noise-free-sound-0744_767,1.044875,../data/noise/pointsource_noises/noise-free-sound-0744.wav,wav,
noise-free-sound-0745_768,4.7333125,../data/noise/pointsource_noises/noise-free-sound-0745.wav,wav,
noise-free-sound-0746_769,0.227,../data/noise/pointsource_noises/noise-free-sound-0746.wav,wav,
noise-free-sound-0747_770,17.4236875,../data/noise/pointsource_noises/noise-free-sound-0747.wav,wav,
noise-free-sound-0748_771,5.64,../data/noise/pointsource_noises/noise-free-sound-0748.wav,wav,
noise-free-sound-0749_772,1.0,../data/noise/pointsource_noises/noise-free-sound-0749.wav,wav,
noise-free-sound-0751_773,1.446375,../data/noise/pointsource_noises/noise-free-sound-0751.wav,wav,
noise-free-sound-0752_774,33.6083125,../data/noise/pointsource_noises/noise-free-sound-0752.wav,wav,
noise-free-sound-0753_775,24.696,../data/noise/pointsource_noises/noise-free-sound-0753.wav,wav,
noise-free-sound-0754_776,80.72325,../data/noise/pointsource_noises/noise-free-sound-0754.wav,wav,
noise-free-sound-0755_777,14.4195625,../data/noise/pointsource_noises/noise-free-sound-0755.wav,wav,
noise-free-sound-0756_778,4.15875,../data/noise/pointsource_noises/noise-free-sound-0756.wav,wav,
noise-free-sound-0757_779,13.7665,../data/noise/pointsource_noises/noise-free-sound-0757.wav,wav,
noise-free-sound-0758_780,12.644375,../data/noise/pointsource_noises/noise-free-sound-0758.wav,wav,
noise-free-sound-0759_781,2.731375,../data/noise/pointsource_noises/noise-free-sound-0759.wav,wav,
noise-free-sound-0760_782,0.6233125,../data/noise/pointsource_noises/noise-free-sound-0760.wav,wav,
noise-free-sound-0761_783,32.3990625,../data/noise/pointsource_noises/noise-free-sound-0761.wav,wav,
noise-free-sound-0762_784,12.8,../data/noise/pointsource_noises/noise-free-sound-0762.wav,wav,
noise-free-sound-0763_785,20.491625,../data/noise/pointsource_noises/noise-free-sound-0763.wav,wav,
noise-free-sound-0764_786,0.0645625,../data/noise/pointsource_noises/noise-free-sound-0764.wav,wav,
noise-free-sound-0766_787,0.026125,../data/noise/pointsource_noises/noise-free-sound-0766.wav,wav,
noise-free-sound-0767_788,29.6385625,../data/noise/pointsource_noises/noise-free-sound-0767.wav,wav,
noise-free-sound-0768_789,0.4229375,../data/noise/pointsource_noises/noise-free-sound-0768.wav,wav,
noise-free-sound-0769_790,25.761625,../data/noise/pointsource_noises/noise-free-sound-0769.wav,wav,
noise-free-sound-0770_791,55.5624375,../data/noise/pointsource_noises/noise-free-sound-0770.wav,wav,
noise-free-sound-0771_792,3.1579375,../data/noise/pointsource_noises/noise-free-sound-0771.wav,wav,
noise-free-sound-0772_793,4.6535625,../data/noise/pointsource_noises/noise-free-sound-0772.wav,wav,
noise-free-sound-0773_794,9.045375,../data/noise/pointsource_noises/noise-free-sound-0773.wav,wav,
noise-free-sound-0774_795,3.1471875,../data/noise/pointsource_noises/noise-free-sound-0774.wav,wav,
noise-free-sound-0775_796,29.5101875,../data/noise/pointsource_noises/noise-free-sound-0775.wav,wav,
noise-free-sound-0776_797,15.661875,../data/noise/pointsource_noises/noise-free-sound-0776.wav,wav,
noise-free-sound-0777_798,6.9224375,../data/noise/pointsource_noises/noise-free-sound-0777.wav,wav,
noise-free-sound-0778_799,18.2613125,../data/noise/pointsource_noises/noise-free-sound-0778.wav,wav,
noise-free-sound-0779_800,12.512625,../data/noise/pointsource_noises/noise-free-sound-0779.wav,wav,
noise-free-sound-0781_801,60.7200625,../data/noise/pointsource_noises/noise-free-sound-0781.wav,wav,
noise-free-sound-0782_802,9.8986875,../data/noise/pointsource_noises/noise-free-sound-0782.wav,wav,
noise-free-sound-0783_803,8.614625,../data/noise/pointsource_noises/noise-free-sound-0783.wav,wav,
noise-free-sound-0784_804,35.8040625,../data/noise/pointsource_noises/noise-free-sound-0784.wav,wav,
noise-free-sound-0785_805,26.919875,../data/noise/pointsource_noises/noise-free-sound-0785.wav,wav,
noise-free-sound-0786_806,19.8,../data/noise/pointsource_noises/noise-free-sound-0786.wav,wav,
noise-free-sound-0787_807,34.9853125,../data/noise/pointsource_noises/noise-free-sound-0787.wav,wav,
noise-free-sound-0788_808,34.8718125,../data/noise/pointsource_noises/noise-free-sound-0788.wav,wav,
noise-free-sound-0789_809,8.8515,../data/noise/pointsource_noises/noise-free-sound-0789.wav,wav,
noise-free-sound-0790_810,16.138125,../data/noise/pointsource_noises/noise-free-sound-0790.wav,wav,
noise-free-sound-0791_811,9.0,../data/noise/pointsource_noises/noise-free-sound-0791.wav,wav,
noise-free-sound-0792_812,41.5869375,../data/noise/pointsource_noises/noise-free-sound-0792.wav,wav,
noise-free-sound-0793_813,9.4301875,../data/noise/pointsource_noises/noise-free-sound-0793.wav,wav,
noise-free-sound-0794_814,4.434125,../data/noise/pointsource_noises/noise-free-sound-0794.wav,wav,
noise-free-sound-0796_815,10.24,../data/noise/pointsource_noises/noise-free-sound-0796.wav,wav,
noise-free-sound-0797_816,16.384,../data/noise/pointsource_noises/noise-free-sound-0797.wav,wav,
noise-free-sound-0798_817,12.9706875,../data/noise/pointsource_noises/noise-free-sound-0798.wav,wav,
noise-free-sound-0799_818,5.6319375,../data/noise/pointsource_noises/noise-free-sound-0799.wav,wav,
noise-free-sound-0800_819,9.6,../data/noise/pointsource_noises/noise-free-sound-0800.wav,wav,
noise-free-sound-0801_820,6.01075,../data/noise/pointsource_noises/noise-free-sound-0801.wav,wav,
noise-free-sound-0802_821,5.1245,../data/noise/pointsource_noises/noise-free-sound-0802.wav,wav,
noise-free-sound-0803_822,14.02775,../data/noise/pointsource_noises/noise-free-sound-0803.wav,wav,
noise-free-sound-0804_823,59.6985,../data/noise/pointsource_noises/noise-free-sound-0804.wav,wav,
noise-free-sound-0805_824,15.16,../data/noise/pointsource_noises/noise-free-sound-0805.wav,wav,
noise-free-sound-0806_825,11.78125,../data/noise/pointsource_noises/noise-free-sound-0806.wav,wav,
noise-free-sound-0807_826,4.10125,../data/noise/pointsource_noises/noise-free-sound-0807.wav,wav,
noise-free-sound-0808_827,1.6979375,../data/noise/pointsource_noises/noise-free-sound-0808.wav,wav,
noise-free-sound-0809_828,25.1298125,../data/noise/pointsource_noises/noise-free-sound-0809.wav,wav,
noise-free-sound-0811_829,7.9760625,../data/noise/pointsource_noises/noise-free-sound-0811.wav,wav,
noise-free-sound-0812_830,12.198,../data/noise/pointsource_noises/noise-free-sound-0812.wav,wav,
noise-free-sound-0813_831,78.8018125,../data/noise/pointsource_noises/noise-free-sound-0813.wav,wav,
noise-free-sound-0814_832,15.661625,../data/noise/pointsource_noises/noise-free-sound-0814.wav,wav,
noise-free-sound-0815_833,2.4718125,../data/noise/pointsource_noises/noise-free-sound-0815.wav,wav,
noise-free-sound-0816_834,1.324625,../data/noise/pointsource_noises/noise-free-sound-0816.wav,wav,
noise-free-sound-0817_835,1.6123125,../data/noise/pointsource_noises/noise-free-sound-0817.wav,wav,
noise-free-sound-0818_836,57.678375,../data/noise/pointsource_noises/noise-free-sound-0818.wav,wav,
noise-free-sound-0819_837,109.9043125,../data/noise/pointsource_noises/noise-free-sound-0819.wav,wav,
noise-free-sound-0820_838,18.450875,../data/noise/pointsource_noises/noise-free-sound-0820.wav,wav,
noise-free-sound-0821_839,3.3436875,../data/noise/pointsource_noises/noise-free-sound-0821.wav,wav,
noise-free-sound-0822_840,4.989375,../data/noise/pointsource_noises/noise-free-sound-0822.wav,wav,
noise-free-sound-0823_841,2.749125,../data/noise/pointsource_noises/noise-free-sound-0823.wav,wav,
noise-free-sound-0824_842,33.12325,../data/noise/pointsource_noises/noise-free-sound-0824.wav,wav,
